name,lat,lon
نقوش البيضتين,26.074505,44.959123
قصر عضيدان,21.99008,46.645203
قصر ساقية الناهض,24.513803,47.717421
قصر ابو جفان,24.872425,45.649867
قصر السويري الأثري,25.673332,45.222645
اثار,25.657454,45.548973
اثار,20.569925,44.955196
اثار العلاشه,21.993427,46.229353
اثار قصر,21.994457,46.656961
اثار مشبكة,24.791357,43.477428
أثار حليت,24.212022,44.685323
نقوش ماسل,24.218309,44.685602
نقوش ماسل,24.220326,44.684508
حائرة المزيرع,21.346951,46.864071
حائرة ام عشر,26.928692,45.142651
خبراء ابن شرار,22.166805,45.330963
خبراء الحفنة,25.535595,46.435089
خبراء الخابية,26.821747,45.262299
خبراء الفغم,23.975751,45.825305
خبراء القراح,24.463527,45.431406
خبراء الكدرة,23.984334,45.810456
خبراء الهماج,22.145691,45.477219
خبراء ام الجول,23.967211,45.832
خبراء برزات,24.371452,46.369364
خبراء المحلية,22.211266,46.669064
خزان الروضة,25.109253,45.762863
روضة أم الشقوق,25.233192,47.417335
روضة أم قطا,25.100498,44.398327
روضة ابن حميدان,25.605869,45.066776
روضة ابن هريول,25.580635,45.083771
روضة ابو خر,25.715046,46.045074
روضة البركات,25.733135,46.07578
روضة الجراد,25.376701,45.857792
روضة الحبيل,25.010312,45.38832
روضة الحبيل,26.368904,45.889034
روضة الحصاة,24.39615,46.247528
روضة الخرارة,24.402394,46.195943
روضة الخريريرة,25.405884,45.828953
روضة الخريمة,25.569477,45.093727
روضة الخويبية,25.430088,46.015549
روضة الخويبية,25.161095,46.592331
روضة الخويبية,24.892831,45.753465
روضة الداخلية,25.14159,44.724483
روضة الرجوم,25.437641,45.775909
روضة الرحى,25.969942,46.0587
روضة الردايف,25.388675,45.218804
روضة الرمحية,25.209804,45.172155
روضة الزهيرية,26.378689,44.980087
روضة السبلة,26.365643,45.559273
روضة السويق,26.1233,45.777133
روضة الشحمة,25.938034,45.540905
روضة الشفلحية,25.069342,44.673028
روضة الصدع,24.658813,45.307617
روضة الصهد,25.99509,46.134875
روضة الطراق,25.331383,45.812302
روضة العتيك,24.477711,43.006153
روضة العوراء,25.414639,44.483299
روضة العين,25.744207,45.984542
روضة الغراميل,26.379204,45.608196
روضة القاعية,25.759807,45.448937
روضة القريف,25.879412,45.82376
روضة القصر,25.748885,46.033058
روضة الكثران,25.085735,45.683556
روضة الكثير,26.45555,44.879236
روضة الكسر,24.387245,46.339002
روضة المحلية,24.258499,46.773348
روضة المخلاف,25.491371,45.697632
روضة المزيرع,25.660114,45.261784
روضة المزيرعة,25.202551,47.462611
روضة المسعودي,25.493431,45.898647
روضة المشرات,25.733414,46.235661
روضة المطوع,24.204147,45.822644
روضة المغيدر,26.249428,45.565281
روضة النظيم,25.460644,45.074501
روضة الهوبجة,25.902565,45.82125
روضة الوسيطى,24.972954,45.140762
روضة ام الحصانية,25.598659,45.125999
روضة ام العصافير,25.092323,44.642
روضة ام خشيم,26.349163,45.618496
روضة ام سدر,26.006012,44.562263
روضة ام شبرم,25.870399,44.649124
روضة ام شبرم,25.451202,45.117588
روضة ام شيح,25.109017,44.566104
روضة ام شيحة,26.926439,45.67023
روضة ام عشر,26.069698,45.836678
روضة ام عواقيل,24.66568,45.397396
روضة ام عواقيل,26.05442,45.789492
روضة ام عويقيلات,26.051502,45.891781
روضة ام قلبان,25.158885,44.608119
روضة ام هلي,25.833836,45.95654
روضة برغش,25.193689,45.62341
روضة برودان,25.816154,45.985959
روضة دريبات الخيل,24.729366,45.402031
روضة سدران,24.69821,45.947614
روضة سمحان,26.03101,45.833781
روضة سمليل,26.646116,44.983842
روضة شويهينة,26.797543,45.338516
روضة صنة,26.316912,45.625985
روضة طاسان,25.016792,45.649717
روضة طريف الحبل,25.908101,45.732307
روضة طلايب,24.915125,46.445067
روضة عقرباء,25.689318,46.166825
روضة فويلج,23.305221,46.789098
روضة فياخ,25.153885,45.482368
روضة قاع ثرمداء,25.629215,46.111507
روضة قبعة,24.278026,46.786737
روضة مخيريق,25.438843,44.444504
روضة مطربة,26.187286,45.755653
روضة مطربة,26.151667,45.77945
روضة مطيربة,25.69376,46.225147
روضة نورة,25.470557,45.1893
رويضات السلم,26.022127,45.7793
رياض بادي,25.153842,46.26729
سد,25.697536,45.43529
سد الجزر,23.670967,46.430132
سد الحريق,23.523831,46.79163
سد الحريق,22.824268,44.955518
سد الحفيرة,23.450983,46.690972
سد الحلوة,23.99178,43.332288
سد الحنابج,21.125336,43.796139
سد الدحل,24.234252,44.153559
سد الشعراء,22.600679,46.45925
سد الغيل,23.994935,45.012424
سد النسق القديم,25.986657,45.014591
سد الوسيعة,24.056883,45.243523
سد ام هيشة,21.542881,44.035091
سد بالان,24.157927,43.449533
سد جفنا,23.851426,45.396259
سد حجيلاء,25.094061,46.07739
سد حريملاء,25.006213,46.147985
سد سدوس,25.073526,46.335869
سد صلبوخ,23.832843,45.203075
سد عنان,21.381927,44.243853
سد مطيريحة,25.143435,46.240683
سد ملهم,23.968885,44.909556
سد نخيلان,25.274842,46.022909
سد وادي الصفرات,23.569558,42.912233
شعب ريحان,20.262566,44.532952
شعبان البراعم,22.797318,43.853474
شعبان الحفيرة,22.89525,43.50528
شعبان الخزم,23.654573,44.372663
شعبان الركية,24.330597,47.029982
شعبان الزويليات,24.368942,46.99198
شعبان الزويليات,24.224145,46.733415
شعبان السمريات,23.468127,46.708589
شعبان القراين,23.687382,46.915419
شعبان القرينات,25.100434,47.216964
شعبان المسعودية,23.742034,46.920354
شعبان النخلة,23.13195,45.52331
شعبان ام حشاريج,23.14461,45.47915
شعبان ام حشاريج,24.484255,44.639318
شعبان امهات سدر,23.729568,46.801436
شعبان بني دجين,24.13559,47.633629
شعبان كبيشات,25.829351,46.522658
شعبان محارق,22.250662,47.473941
شعبان مخيط,22.169209,47.377682
شعبان مريغان,21.964867,44.77257
شعبان ملاكيك,25.996742,45.034032
شعبة,24.860558,46.484141
شعيب أبا السواكيف,26.032856,46.063077
شعيب أبن معدل,26.013393,46.29864
شعيب أبن معدل,26.839149,45.031822
شعيب أبو أراطي الغربي,26.806104,45.118296
شعيب أبو اراطي الجنوبي,26.666071,45.031607
شعيب أبو برميل,24.759493,46.245103
شعيب أبو حجر,26.714802,45.132651
شعيب أبو حريقة,26.377423,44.898999
شعيب أبو حريقة,26.627512,45.053794
شعيب أبو حسك,24.741812,46.351919
شعيب أبو حمض,24.91564,46.568985
شعيب أبو ركبة,25.799375,46.229374
شعيب أبو ركبة,25.784976,46.296237
شعيب أبو ركبة,24.379156,46.228409
شعيب أبو سدرة,26.5923,45.169945
شعيب أبو سدير,26.793251,45.130699
شعيب أبو سدير الجنوبي,24.022679,45.335662
شعيب أبو صفي,26.58818,45.199277
شعيب أبو طليح الجنوبي,26.604617,45.196638
شعيب أبو طليح الشمالي,26.844449,45.010085
شعيب أبو طليح الغربي,24.748979,46.357562
شعيب أبو طي,26.505461,45.32532
شعيب أبو فقارة,24.986172,45.916157
شعيب أبو كتادة,26.64191,45.163872
شعيب أبو ملقاط,24.05654,45.310364
شعيب أبو وثيل,24.064221,45.317402
شعيب أبو وثيل,24.424517,46.554694
شعيب أديرع الشرقي,24.426985,46.523924
شعيب أديرع الغربي,25.192273,45.665338
شعيب أعيوج,24.320683,46.23667
شعيب أم أثلة,24.741361,46.399083
شعيب أم أثلة,25.41569,46.753607
شعيب أم أثلة,24.790628,46.420927
شعيب أم الانعاش,23.559623,46.879714
شعيب أم الحيران,24.838865,46.385629
شعيب أم الخران,24.948642,43.723547
شعيب أم الديبان,26.46482,44.863529
شعيب أم الذيابة,26.436861,44.812911
شعيب أم الذيابة,24.97334,46.578856
شعيب أم الشيح,24.282682,46.096573
شعيب أم الهلايم,24.018946,45.311759
شعيب أم جنيب,23.623974,46.995199
شعيب أم حفور,23.593075,46.129682
شعيب أم خشيبة,24.775329,46.388183
شعيب أم سديرة,24.204104,46.611664
شعيب أم سليم,23.55325,46.155903
شعيب أم شبرم,23.498125,46.10846
شعيب أم شبرم,25.975542,45.637979
شعيب أم عاذر,23.633029,46.624732
شعيب أم قعاسة,25.765064,46.063571
شعيب أم قليدة,24.846032,46.277525
شعيب أم كثير,26.698387,45.34579
شعيب أم كلوح,26.691456,45.271397
شعيب أم كلوح,23.972104,45.353429
شعيب أم محاقين,23.504434,46.127687
شعيب أم مريخ الجنوبية,26.463339,45.321586
شعيب أم ملح,26.932597,45.03195
شعيب أم هشيم,21.953967,45.938387
شعيب ابا الجرفان,24.980249,46.213109
شعيب ابا الحسك,25.6761,46.517572
شعيب ابا الحسك,25.484355,46.676273
شعيب ابا الحليان,25.338249,45.781295
شعيب ابا الخرفان,25.427685,45.845776
شعيب ابا الخرفان,25.893359,46.385694
شعيب ابا الذيابة,24.9698,46.649537
شعيب ابا السباع,24.9698,46.649537
شعيب ابا السباع,25.279541,45.969715
شعيب ابا السدر,24.933858,46.055846
شعيب ابا الغبطان,24.428809,47.181044
شعيب ابا الغيران,24.983318,45.640168
شعيب ابا الفراوح,24.981751,45.637572
شعيب ابا الفراوح,23.644488,43.014843
شعيب ابا الفوس,24.623172,46.130991
شعيب ابا القراوة,24.938021,46.049409
شعيب ابا القصوم,25.555208,45.826464
شعيب ابا القلات,23.477461,46.857784
شعيب ابا اللصف,22.278213,47.027493
شعيب ابا المرعان,23.566103,46.451118
شعيب ابا المناصي,24.885085,46.216135
شعيب ابا الهبايا,24.906006,46.157298
شعيب ابا الهشم,24.41102,46.717708
شعيب ابا الهشم,24.292724,46.672196
شعيب ابا الهشم الأوسط,24.307723,46.702967
شعيب ابا الهشم الأوسط,24.104197,46.804655
شعيب ابا الهشم\\,24.131126,42.511017
شعيب ابرق الدهماء,23.555074,42.797005
شعيب ابو السباع,25.100648,46.112945
شعيب ابو السدر,24.766102,46.261454
شعيب ابو برقاء,23.6906,46.260016
شعيب ابو برقة,25.230274,43.737946
شعيب ابو بطحاء,25.179119,43.839934
شعيب ابو بطحاء,23.750725,44.231472
شعيب ابو بعيثران,23.894577,44.52806
شعيب ابو بعيثران,24.69379,42.376521
شعيب ابو ثمام,24.497581,44.160833
شعيب ابو ثمام,24.590192,44.08232
شعيب ابو ثمام,24.631584,44.034984
شعيب ابو ثمام,25.212035,47.08442
شعيب ابو ثمام,25.194933,47.06867
شعيب ابو ثمام,25.251732,47.128859
شعيب ابو ثمام,22.389107,46.862011
شعيب ابو جدر,23.947363,45.422823
شعيب ابو جراذية,22.533302,47.827606
شعيب ابو جرف,23.458214,44.470081
شعيب ابو جص,23.707273,46.287482
شعيب ابو جميد,24.226699,46.844587
شعيب ابو حارس,25.402365,46.071746
شعيب ابو حجيرة,24.631026,45.477347
شعيب ابو حرمل,25.920675,45.960081
شعيب ابو حرملة,25.900698,46.043208
شعيب ابو حرملة,26.17218,45.024633
شعيب ابو حريقة,26.181428,45.041413
شعيب ابو حريقة,24.017444,44.092834
شعيب ابو حسك,25.828192,45.793033
شعيب ابو حصاة,23.569729,46.533344
شعيب ابو حماط,23.962984,45.455117
شعيب ابو حميض,23.953843,45.544231
شعيب ابو حميض,24.973984,43.911431
شعيب ابو خريط,24.831355,43.650291
شعيب ابو خريط,24.859014,43.707047
شعيب ابو خريط,24.921348,43.7938
شعيب ابو خريط,24.940231,43.7994
شعيب ابو خريط,25.756481,45.836184
شعيب ابو خسيفاء,25.031769,45.575902
شعيب ابو خشبة,25.027842,45.573778
شعيب ابو خشبة,25.056875,46.053958
شعيب ابو خشبة,25.632241,45.650189
شعيب ابو خيسة,24.858391,46.23343
شعيب ابو خيسة,24.423423,46.612179
شعيب ابو خيسة,23.719139,46.30379
شعيب ابو دريب,24.304891,46.720004
شعيب ابو ديبان الأسفل,24.317465,46.697087
شعيب ابو ديبان الأعلى,24.120998,43.091125
شعيب ابو ذبان,25.93503,45.172842
شعيب ابو ذرية,25.118587,43.482749
شعيب ابو ركب,25.104039,43.564546
شعيب ابو ركب,25.223343,46.88997
شعيب ابو ركبة,25.693288,46.417193
شعيب ابو رمل,25.76766,46.337929
شعيب ابو رمل,24.3062,44.219542
شعيب ابو زروب,24.352248,44.312839
شعيب ابو زروب,24.639695,42.287149
شعيب ابو زريبة,23.565888,46.300035
شعيب ابو زويرة,23.62009,46.90115
شعيب ابو سحراء,24.437714,44.029598
شعيب ابو سدر,24.426041,44.138517
شعيب ابو سدر,23.6694,46.35812
شعيب ابو سدر,24.92888,45.569444
شعيب ابو سدر,26.222584,46.022329
شعيب ابو سديرة,24.995806,46.615806
شعيب ابو سديرة,23.844001,42.883158
شعيب ابو سرح,23.643887,46.280465
شعيب ابو سرح,22.56079,44.478149
شعيب ابو سروح,23.910027,43.80558
شعيب ابو سلم,23.808038,44.147251
شعيب ابو سلم,23.729439,44.180918
شعيب ابو سلم,24.795392,46.489441
شعيب ابو سلم,23.953629,42.064076
شعيب ابو سليم,24.193289,42.129693
شعيب ابو سليم,24.596286,42.282107
شعيب ابو سليم,24.899569,44.01859
شعيب ابو سليم,24.224296,42.743919
شعيب ابو سليم,24.188912,42.85552
شعيب ابو سليم,24.780564,43.676941
شعيب ابو سليم,24.824874,43.802512
شعيب ابو سليم,24.129496,43.770454
شعيب ابو سليم,22.100651,44.318783
شعيب ابو سليم,24.088061,45.28234
شعيب ابو سليم,24.078898,45.273457
شعيب ابو سليم,24.615426,43.659968
شعيب ابو سليم الشرقي,24.52745,43.685589
شعيب ابو سليم الشرقي,24.93639,46.683269
شعيب ابو سمادة,24.593732,42.445078
شعيب ابو سمر,24.451425,46.453092
شعيب ابو سمير,24.430504,43.943081
شعيب ابو سواد,24.408209,44.059596
شعيب ابو سواد,22.921236,46.649237
شعيب ابو سوس,24.89547,46.708653
شعيب ابو شجرة,26.624122,45.268843
شعيب ابو شويح,24.985678,46.633251
شعيب ابو شويح,24.405634,43.204336
شعيب ابو صفا,23.626914,46.269028
شعيب ابو صفا,23.52293,44.478321
شعيب ابو صفي,22.453415,46.178133
شعيب ابو صفي,24.918923,45.578284
شعيب ابو صفي,24.812644,45.870817
شعيب ابو صفي,23.939037,45.392933
شعيب ابو صلابيخ,21.869595,44.522245
شعيب ابو ضلوع,24.647505,44.944317
شعيب ابو طلاح,24.4487,43.618491
شعيب ابو طلح,24.374585,43.6937
شعيب ابو طلح,24.924374,45.575109
شعيب ابو طلح,26.73274,44.994142
شعيب ابو طليح,25.509739,45.849895
شعيب ابو طليح,25.746074,46.222894
شعيب ابو طليحه,24.56116,44.84971
شعيب ابو عاذر,24.296694,43.929262
شعيب ابو عجلة,26.872044,45.068986
شعيب ابو عرص,24.698617,43.878644
شعيب ابو عشر,25.823643,44.637644
شعيب ابو عشر,24.66995,43.670547
شعيب ابو عشر,24.688811,43.804615
شعيب ابو عشر,24.526205,44.290287
شعيب ابو عشر,24.54468,44.280224
شعيب ابو عشر,24.606543,44.213834
شعيب ابو عشر,24.893002,43.484252
شعيب ابو عشرة,24.262233,44.184523
شعيب ابو عشيرة,24.278176,44.252372
شعيب ابو عشيرة,22.052822,44.069939
شعيب ابو علجان,25.633678,45.918431
شعيب ابو عنابة,22.065353,43.964195
شعيب ابو عوشز,25.455837,46.386573
شعيب ابو عويزة,25.516005,46.417665
شعيب ابو عويزة,24.373491,45.096173
شعيب ابو غدران,24.961495,46.546261
شعيب ابو غضار,23.64526,46.281795
شعيب ابو غنام,25.305333,45.641692
شعيب ابو فحيحيل,25.283833,46.000442
شعيب ابو فحيحيل,22.835426,46.693954
شعيب ابو فراشة,24.827085,44.182141
شعيب ابو فرص,24.818029,44.320929
شعيب ابو فرص,23.80703,46.254458
شعيب ابو قبور,24.511313,43.559053
شعيب ابو قطا,24.497087,43.601797
شعيب ابو قطا,24.427586,43.769746
شعيب ابو قطا,24.458957,43.870361
شعيب ابو قطا,26.145787,45.056026
شعيب ابو قويزة,24.451468,43.19792
شعيب ابو قيصوم,23.660431,46.329131
شعيب ابو قيصوم,25.079577,46.062927
شعيب ابو كتادة,24.346304,46.359279
شعيب ابو مزروع,22.797146,46.66357
شعيب ابو مشاش,24.950573,46.551797
شعيب ابو مطابع,25.23993,43.753138
شعيب ابو مقاوع,24.979477,43.13123
شعيب ابو نخلة,25.19856,43.421681
شعيب ابو نخلة,24.937892,46.082797
شعيب ابو نخلة,23.759308,46.692066
شعيب ابو نخيلة,21.773529,44.837222
شعيب ابو هبايا,21.802969,44.805186
شعيب ابو هشيم,20.81641,44.256449
شعيب ابو هشيم,23.649209,42.554491
شعيب ابو هضيد,23.454695,44.227889
شعيب ابو هضيد,24.770994,44.07129
شعيب ابو هضيد,24.567425,44.224134
شعيب ابو هضيد,24.605062,44.204156
شعيب ابو هضيد,24.741812,43.133655
شعيب ابو هضيد الشرقي,25.11996,44.527566
شعيب ابو وهط,25.124702,44.540291
شعيب ابو وهط,23.592474,46.577396
شعيب اجراف,22.781503,44.142272
شعيب اذقان العطشان,25.375822,44.505358
شعيب ارطاوي,24.434795,43.0825
شعيب ارينبة,23.997531,45.387762
شعيب اعبلية,23.937793,45.296996
شعيب اعبلية,25.516605,45.5158
شعيب اعوج,22.871647,46.745453
شعيب اغلدية,25.097451,46.137664
شعيب الأبرق,23.587775,46.679792
شعيب الأبيتر,24.13074,46.902909
شعيب الأحمر,22.203197,44.895158
شعيب الأخشن,23.585136,46.539459
شعيب الأخضر,24.386323,46.768284
شعيب الأخضر,24.347742,46.513045
شعيب الأديث,25.665264,45.22316
شعيب الأديرب الجنوبي,25.703373,45.214233
شعيب الأديرب الشمالي,26.856508,45.004935
شعيب الأرطاوي,26.9556,45.081775
شعيب الأرطاوي,26.462009,45.310063
شعيب الأرطاوي,25.95269,45.889592
شعيب الأرطاوي,25.998716,45.803461
شعيب الأرطاوي,26.521211,45.346069
شعيب الأرطاوية,22.334948,44.587605
شعيب الأرمض الشمالي,25.208516,45.88294
شعيب الأصبع,25.92737,45.784514
شعيب الأصوف,26.202908,45.883198
شعيب الأعصل,26.377552,45.962892
شعيب الأعصل,24.003432,46.81298
شعيب الأعيوج,24.257169,46.508474
شعيب الأمغر,23.84516,45.382676
شعيب الأميغر,25.213838,45.386024
شعيب الأوعر,25.211585,45.382075
شعيب الأوعر,25.202916,45.396388
شعيب الأويعر,25.201478,45.391088
شعيب الأويعر,25.302629,43.872571
شعيب الاثلة,25.271366,43.802748
شعيب الاثلة الجنوبي,23.554687,48.000812
شعيب الاجرب,23.461926,43.489444
شعيب الادرع,26.334765,44.43032
شعيب الادغم,26.393387,44.415364
شعيب الادغم,26.127119,44.4942
شعيب الادغم,24.94139,43.496182
شعيب الارطاوي,24.843757,43.52
شعيب الارطاوي,24.78492,43.547466
شعيب الارطاوي,24.882638,43.519979
شعيب الارطاوي,25.124316,43.809142
شعيب الارطاوي,23.40178,44.451241
شعيب الارطاوي,22.323189,44.73238
شعيب الارمض الجنوبي,24.352977,43.006303
شعيب الاشعرية,24.725761,42.348862
شعيب الاشماط,21.848502,44.60578
شعيب الاقعس,26.019917,45.008304
شعيب الباعج,23.381846,45.532773
شعيب الباعجة,24.499984,46.782081
شعيب الباقرة,26.551616,45.428381
شعيب البتيرا,26.432891,45.36272
شعيب البتيراء,26.466644,45.398447
شعيب البتيراء,24.352291,43.258238
شعيب البدائع,24.180651,46.482039
شعيب البدائع,23.84943,43.103313
شعيب البربك,23.901615,43.87373
شعيب البربك,23.594427,46.657605
شعيب البرد,23.691437,42.332275
شعيب البريكة,25.412858,46.142321
شعيب البسيتين,25.431161,46.164401
شعيب البسيتين,25.480771,46.22313
شعيب البسيتين,24.483912,44.399314
شعيب البعج,24.578841,44.613719
شعيب البعج,22.995093,42.611032
شعيب البقرة,23.72313,46.697216
شعيب البقري,23.610456,46.405027
شعيب البكر,23.613224,46.4697
شعيب البكر,23.644531,46.440239
شعيب البكير,25.829179,46.325483
شعيب البلدي,24.863777,45.933194
شعيب البليدة,24.811463,46.294606
شعيب البويطح,24.863498,46.457877
شعيب البويطح,25.808988,45.409369
شعيب البويطن,24.733808,46.379793
شعيب البويطن,25.23566,45.826421
شعيب البويطن الجنوبي,25.245745,45.822837
شعيب البويطن الشمالي,25.447748,45.977461
شعيب البير,25.049279,45.79196
شعيب التحيضات الجنوبي,25.090907,45.774879
شعيب التحيضات الشمالي,25.08153,45.782282
شعيب التحيضات الشمالي,25.84465,46.155882
شعيب الترباعة,26.002171,46.332028
شعيب الترباعة,24.690313,44.425986
شعيب التسرير,24.708595,44.585352
شعيب التسرير,24.689004,44.701867
شعيب التسرير الجنوبي,24.445825,46.482596
شعيب الثامرة,24.948063,45.839832
شعيب الثرماني,25.474033,45.534425
شعيب الثلم,23.644423,44.577241
شعيب الثمالة,23.588483,44.478149
شعيب الثمالة,24.701729,44.475381
شعيب الثمالة,25.702,45.17561
شعيب الثمايل,24.106429,46.670351
شعيب الثميلة,25.152898,45.824468
شعيب الثنية,25.164914,45.800006
شعيب الثنية,24.888475,45.773699
شعيب الثنية,25.148842,45.912981
شعيب الثنية,25.793753,45.819426
شعيب الثوير,24.059823,46.658464
شعيب الجحرة,23.726864,46.21253
شعيب الجحفة,22.526693,44.789007
شعيب الجدعاء,24.297788,46.349258
شعيب الجدعاء,25.506392,45.502324
شعيب الجراع,24.23202,46.67254
شعيب الجرعي,25.7073,45.423682
شعيب الجزر,25.678203,45.47209
شعيب الجزر,25.692322,45.450547
شعيب الجزر,23.773856,45.466704
شعيب الجفارة,23.820956,45.587876
شعيب الجفارة,23.641419,46.281795
شعيب الجفر,23.659766,46.424274
شعيب الجفر,23.54913,43.845041
شعيب الجلة,20.847116,44.685109
شعيب الجنبة,26.089633,45.073342
شعيب الجنوبي,25.588918,45.508139
شعيب الجوفاء,25.581987,45.61517
شعيب الجويفاء,25.81388,45.409691
شعيب الحائر,25.836754,45.423725
شعيب الحائر,24.899998,45.610471
شعيب الحاج,23.931012,45.560324
شعيب الحاوي,23.904533,45.498869
شعيب الحاوي,22.665997,45.401344
شعيب الحاوي,21.925578,46.978934
شعيب الحاوي,20.879688,44.129806
شعيب الحاوي,20.974574,44.295073
شعيب الحاوي,23.559151,46.472189
شعيب الحبيش,26.356952,45.384543
شعيب الحثاقي,26.427805,45.443187
شعيب الحثاقي,26.469026,45.469987
شعيب الحثاقي,24.717565,46.305184
شعيب الحداوي,24.048858,43.196719
شعيب الحرامية,24.744558,46.439917
شعيب الحريقة,23.733108,43.749425
شعيب الحسرج,24.25528,44.643459
شعيب الحسرج,24.378555,44.775338
شعيب الحسرج,26.674976,45.017853
شعيب الحسكي,26.234279,44.978693
شعيب الحسكي,26.678495,45.145247
شعيب الحسكي,25.420732,46.106272
شعيب الحسي,25.45485,46.073871
شعيب الحسي,25.519073,46.062241
شعيب الحسي,22.098312,47.114525
شعيب الحسينية,26.275349,45.295429
شعيب الحشيف,25.07359,45.846527
شعيب الحصان,25.141461,45.787926
شعيب الحصان,24.597874,46.236477
شعيب الحفنة,23.64187,45.064158
شعيب الحفية,24.469471,43.310337
شعيب الحفير,22.833602,44.951978
شعيب الحفيرة,22.871239,45.024505
شعيب الحفيرة,24.412801,44.662707
شعيب الحفيرة,23.87342,47.318802
شعيب الحقبان,22.632008,47.141132
شعيب الحمار,23.560975,46.351469
شعيب الحمي,21.996839,46.011879
شعيب الحمي,24.622979,46.12642
شعيب الحميض,25.048034,44.080839
شعيب الحميمات,24.202173,46.059215
شعيب الحميمة,24.19728,46.909647
شعيب الحنانة,25.616062,45.468528
شعيب الحوير,23.810978,46.32602
شعيب الحوير,24.317379,46.286516
شعيب الحويض,25.434873,45.566204
شعيب الحيد,24.707415,45.976496
شعيب الحيسية,24.714432,45.980937
شعيب الحيسية,24.89753,46.330934
شعيب الحيسية,24.923129,46.203561
شعيب الحيسية,25.408351,46.912415
شعيب الخانوس,25.305097,45.661669
شعيب الخبيب,25.27319,45.759258
شعيب الخبيب,24.532342,44.646099
شعيب الخريب,25.122085,46.15556
شعيب الخزيمي,23.600907,46.643958
شعيب الخشب,22.510836,45.037551
شعيب الخشبي,24.240303,46.59615
شعيب الخشبي,23.9114,46.695156
شعيب الخشفة,23.591294,46.526906
شعيب الخشمة,23.50879,46.777446
شعيب الخضارية,24.684455,43.225
شعيب الخضيبة,24.554079,43.239677
شعيب الخضيبة,25.173519,44.536493
شعيب الخضيري,25.635781,45.653794
شعيب الخطامة,23.624704,46.110971
شعيب الخلطاء,25.313487,45.182905
شعيب الخليف,25.311964,45.180502
شعيب الخليف,25.324323,45.196724
شعيب الخليف,25.119231,45.411129
شعيب الخليف,25.153542,45.43087
شعيب الخليف,24.917164,46.173306
شعيب الخمرة,24.925961,46.152277
شعيب الخميرة,20.815315,44.407446
شعيب الخوار,23.480186,46.687324
شعيب الخوير,26.829321,45.324311
شعيب الخوير الجنوبي,26.839793,45.28867
شعيب الخوير الجنوبي,26.8449,45.267599
شعيب الخوير الشمالي,26.109631,45.083513
شعيب الخويش,25.791092,45.38862
شعيب الخويش,24.838564,46.141183
شعيب الخويش,25.677752,44.818211
شعيب الخويش الجنوبي,23.783684,47.918415
شعيب الخويوير,25.877438,45.170975
شعيب الخيس,23.857842,44.120407
شعيب الداب,22.217724,45.921564
شعيب الدحلة,22.46968,43.838861
شعيب الدخول,23.538358,46.344473
شعيب الدخيل,25.309753,45.906715
شعيب الدعينية,23.777547,45.61929
شعيب الدمثة,23.24398,46.425111
شعيب الدمثة,25.370157,44.443152
شعيب الدمثي,25.383053,44.485016
شعيب الدمثي,24.24202,46.056061
شعيب الدميثة,24.094841,48.129709
شعيب الدهو,24.419754,44.333525
شعيب الدوادمي,24.489555,44.378972
شعيب الدوادمي,24.612014,44.584322
شعيب الدوادمي,24.163034,44.987319
شعيب الدويرة,25.162618,46.224182
شعيب الذباحية,23.402231,45.175052
شعيب الذلوقية,23.419204,45.261333
شعيب الذلوقية,23.51572,42.156944
شعيب الذنبة,24.290063,46.152663
شعيب الذيبي,22.870295,43.203006
شعيب الذيبيات,22.436507,43.953617
شعيب الرحاوي,23.315134,46.808817
شعيب الرحل,23.730125,46.745281
شعيب الرخيمة,21.930406,44.636335
شعيب الرزيزاء,25.754442,45.561419
شعيب الرسن,23.802867,45.569422
شعيب الرشيدي,24.775114,46.412516
شعيب الرشيدي,24.419196,46.514483
شعيب الرصفة,22.058659,46.326749
شعيب الرفاقية,22.623081,44.960175
شعيب الرقمية,22.605615,45.128553
شعيب الرقمية,22.61025,45.08244
شعيب الرقمية,22.59804,44.991846
شعيب الرقمية,24.98776,46.075137
شعيب الركزة,25.004432,46.127386
شعيب الركزة,24.998918,46.193647
شعيب الركزة,25.422792,45.574443
شعيب الركية,23.983154,46.666832
شعيب الركية,24.753571,43.41254
شعيب الرمادية,24.880536,43.462944
شعيب الرمادية,19.952953,44.036057
شعيب الرويجع,23.566875,46.708374
شعيب الريع,23.615241,46.621728
شعيب الزائدة,22.085266,46.376252
شعيب الزريبي,25.672817,45.647464
شعيب الزويلية,25.013809,45.795693
شعيب السباع,24.990098,45.816958
شعيب السباع,25.014367,45.83627
شعيب السباع,23.59256,46.69992
شعيب السبلة,26.640022,45.338151
شعيب السحيمي,26.635623,45.231807
شعيب السحيمي,22.084236,46.163864
شعيب السدرة,24.50758,44.331293
شعيب السدرية,25.26583,46.099963
شعيب السديرات,24.175072,45.217474
شعيب السديري الجنوبي,24.195907,45.206766
شعيب السديري الشمالي,24.084992,42.138405
شعيب السراحي,23.914425,44.317989
شعيب السرحة,23.56282,46.747684
شعيب السرحة,23.888655,42.065105
شعيب السرحي,22.524719,44.677963
شعيب السرحي,22.11432,45.131106
شعيب السرحي,25.475085,46.846068
شعيب السعيرة,25.500963,45.51713
شعيب السقطة,24.539015,46.290894
شعيب السقطة,24.552834,46.29555
شعيب السقطة,25.503387,45.512581
شعيب السقيطة,24.282231,46.750817
شعيب السلال,21.723683,44.709656
شعيب السلام,23.556769,46.704705
شعيب السلامية,25.589218,46.373312
شعيب السلحية,21.87144,43.807747
شعيب السلع,24.857726,46.353936
شعيب السلم,23.731735,46.393869
شعيب السلمانية,24.052312,46.559844
شعيب السلوع,23.932514,45.483506
شعيب السليك الجنوبي,23.944595,45.471919
شعيب السليك الشمالي,24.350724,46.426764
شعيب السليم,23.311486,46.786995
شعيب السميرية,23.618095,44.593205
شعيب السهيلية,26.141582,45.084243
شعيب السيالة,23.851147,44.347687
شعيب الشاة,23.255095,43.205774
شعيب الشامي,21.983149,44.287369
شعيب الشامية,23.850632,44.325542
شعيب الشبكة,21.789322,43.764274
شعيب الشبيكة,25.429401,44.367771
شعيب الشحماء,25.16206,44.51216
شعيب الشحماء,25.202637,44.529819
شعيب الشحماء,26.108902,45.800607
شعيب الشحمة,25.09625,46.041641
شعيب الشريج الجنوبي,25.121226,46.095908
شعيب الشريج الشمالي,25.118587,46.056254
شعيب الشريج الشمالي,25.129895,46.014669
شعيب الشريج الشمالي,25.150924,45.927293
شعيب الشعبة,25.131333,46.127214
شعيب الشعبة,25.160623,46.064837
شعيب الشعبة,24.612765,43.899007
شعيب الشعيفية,24.618988,43.695695
شعيب الشعيفية,22.454338,46.098804
شعيب الشقب,23.578763,43.96971
شعيب الشقرة,23.543293,44.383457
شعيب الشقرة,24.554765,47.448514
شعيب الشكرة,26.050751,45.768764
شعيب الشلاله,26.106112,45.086002
شعيب الشمالي,24.830453,45.678234
شعيب الشمس,24.651303,42.401712
شعيب الشميطان,22.327995,43.876884
شعيب الشهد,22.634261,44.833295
شعيب الشهيلاء,22.603683,44.930692
شعيب الشهيلاء,22.49294,45.003691
شعيب الشهيلاء,22.590659,44.945626
شعيب الشهيلاء,23.713968,44.37511
شعيب الشواة,24.863176,44.626787
شعيب الشويطن,24.92197,44.67335
شعيب الشويطن,23.202975,45.433724
شعيب الشويهانية,23.197846,45.54642
شعيب الشويهانية,24.164,46.184742
شعيب الشيبانية,23.547649,46.828365
شعيب الشيق,24.490156,43.469811
شعيب الصبي,22.715714,45.015192
شعيب الصفراء,25.337648,46.012695
شعيب الصفرات,24.329503,42.028992
شعيب الصميماء,22.893105,43.41136
شعيب الصوان,24.532213,44.350884
شعيب الضال,24.587917,44.393413
شعيب الضال,24.700892,44.61211
شعيب الضال,24.263821,44.913998
شعيب الضحوي,23.3688,46.781652
شعيب الضدحيات,24.629631,43.578794
شعيب الضلماوي,22.468071,46.184292
شعيب الضمان,22.012374,43.915529
شعيب الضيرين,25.002372,46.246026
شعيب الضيقة,25.06078,46.331341
شعيب الضيقة,25.186973,45.836892
شعيب الطرافية,23.747249,46.319346
شعيب الطرفة,23.737721,46.794591
شعيب الطرق,25.881321,46.366682
شعيب الطرقي,22.186782,45.983512
شعيب الطريفة,23.117895,45.455203
شعيب الطليحي,25.083311,44.531987
شعيب الطوقي,25.11863,44.545119
شعيب الطوقي,23.676653,46.505256
شعيب الطوي,23.801,45.43941
شعيب الطويفح,23.680086,46.867847
شعيب الطويل,24.1116,46.980178
شعيب الطيارة,25.726161,46.56347
شعيب الطيري,26.030817,46.501758
شعيب الطيري,25.938978,46.499569
شعيب الطيري,25.810211,46.589456
شعيب الطيري,23.588505,46.60924
شعيب الظبي,25.424788,45.280645
شعيب العب,25.49165,45.294914
شعيب العب,22.672863,46.757813
شعيب العبد,24.409389,44.745812
شعيب العبسة,25.714467,45.735998
شعيب العبيد,25.285163,45.817173
شعيب العتيك,25.461352,46.824632
شعيب العجاجة,23.634853,45.936585
شعيب العجماء,23.477719,46.585121
شعيب العجماء,23.619919,46.69992
شعيب العجماء,24.15091,46.932414
شعيب العجماء,23.775251,45.512302
شعيب العجماء الشرقي,23.767183,45.456748
شعيب العجماء الغربي,25.447769,45.757198
شعيب العراقيب,22.43185,44.557457
شعيب العرجاء,23.966675,46.757126
شعيب العرجاء,25.492058,45.550003
شعيب العرجة,25.492058,45.550003
شعيب العرجة,25.947626,45.268028
شعيب العش,25.914087,45.321522
شعيب العش,23.675473,46.886709
شعيب العشرية,24.222386,46.482124
شعيب العطيشاء الأسفل,24.208353,46.474378
شعيب العطيشاء الأعلى,24.434838,44.432552
شعيب العفجة,26.371436,44.857864
شعيب العفر,26.406004,44.900157
شعيب العفر,24.135783,46.754658
شعيب العقارة,24.937119,46.620333
شعيب العقلة,24.949694,46.672883
شعيب العقلة,24.502773,42.077293
شعيب العقيلة,22.75157,46.487896
شعيب العقيلة,24.139023,44.614019
شعيب العلندا,25.851538,45.185545
شعيب العمار,24.753313,46.357734
شعيب العمار,25.517442,46.612437
شعيب العمياء,25.497851,46.658785
شعيب العمياء,24.79816,46.475687
شعيب العميميرة,25.258341,45.311072
شعيب العنبري,25.221584,45.28543
شعيب العنبري,25.216005,45.282018
شعيب العنبري,26.734264,45.04946
شعيب العوجاء,23.32022,46.81562
شعيب العوسجية,24.160094,43.82442
شعيب العويجاء,23.502331,44.480038
شعيب العويجاء,23.852735,45.417824
شعيب العويجاء,25.885806,46.075609
شعيب العويجاء,25.493002,47.001507
شعيب العويجاء,24.226613,46.781974
شعيب العويجاء,24.85101,45.865946
شعيب العويند,22.855854,45.029676
شعيب العيبة,23.330584,45.235133
شعيب العيترية,24.915898,46.382432
شعيب العين,23.715234,45.27674
شعيب الغبياء,23.51527,46.38402
شعيب الغدر,24.811828,46.460624
شعيب الغريفة,24.222944,44.222395
شعيب الغمق,24.281974,44.39146
شعيب الغمق,23.641398,46.797295
شعيب الغويبة,25.357797,45.141385
شعيب الغويرة,25.359192,45.143294
شعيب الغويرة,25.344687,45.188355
شعيب الغويرة,25.344558,45.187755
شعيب الغويرة,23.821256,44.967899
شعيب الفاري,25.150666,46.43466
شعيب الفاقعة,25.036769,46.421249
شعيب الفاقعة,22.019348,46.13451
شعيب الفجحاني,25.856473,45.288177
شعيب الفحيحيل,25.808752,45.270603
شعيب الفحيحيل,25.239651,45.215328
شعيب الفرغ,25.243213,45.217087
شعيب الفرغ,25.832162,45.531786
شعيب الفويلق,23.734417,46.267548
شعيب القبيلية,22.391338,46.402645
شعيب القحيف,25.603251,45.557106
شعيب القرضنية,25.3755,44.525228
شعيب القرنة,25.183926,44.59269
شعيب القرنة,24.892359,46.100521
شعيب القرنة,26.76188,45.053644
شعيب القري,24.613087,44.26559
شعيب القري,26.067402,45.099113
شعيب القري,22.255104,46.498153
شعيب القري,22.626171,46.669922
شعيب القري,25.864649,46.363893
شعيب القريعاء,25.743091,45.435054
شعيب القريف,24.743872,43.697155
شعيب القرين,24.752111,43.78998
شعيب القرين,24.074135,44.845848
شعيب القصورية,25.311663,45.651927
شعيب القصيعة,23.760552,45.30854
شعيب القضقاض,24.390357,46.632564
شعيب القطار,23.513317,46.762834
شعيب القطار,24.115183,46.424317
شعيب القعدانية,25.349987,45.152435
شعيب القلت,25.349772,45.158551
شعيب القلت,24.028151,45.282898
شعيب القلتة,24.056475,45.370767
شعيب القلتة,24.054115,45.330169
شعيب القلتة,25.852911,45.699241
شعيب القلتة,25.854478,45.801723
شعيب القلتة,26.149628,45.404692
شعيب القليب,26.1183,45.373192
شعيب القليب,24.048858,46.888447
شعيب القنيمية,23.493769,46.031578
شعيب القوماني,25.517571,45.264015
شعيب القويطر,25.538063,45.258093
شعيب القويطر,22.961082,43.615594
شعيب الكبدي,23.422723,46.75292
شعيب الكرس,23.581274,46.7326
شعيب الكلبة,25.945308,45.260968
شعيب الكلبي,23.669357,46.418502
شعيب الكمعية,25.65887,45.709112
شعيب اللبيب,23.671589,46.499205
شعيب اللحمة,23.178041,45.455096
شعيب اللهيداء,23.163836,45.531378
شعيب اللهيداء,26.53239,45.213976
شعيب الماردة,24.333451,43.264096
شعيب المباري,24.34375,43.283429
شعيب المباري,24.52451,46.347713
شعيب المبيحيص,25.813022,44.624555
شعيب المتياهة,25.892565,45.307403
شعيب المجمعة,25.927391,45.353429
شعيب المجمعة,23.777118,46.364043
شعيب المجهولة,25.585785,45.469322
شعيب المحالب,22.474251,47.139244
شعيب المحتفرة الجنوبي,22.495558,47.23398
شعيب المحتفرة الشمالي,24.931841,46.133523
شعيب المحمل الجنوبي,24.941239,46.125541
شعيب المحمل الشمالي,24.385314,42.164819
شعيب المحير,25.234823,45.725656
شعيب المخر,24.245925,46.742535
شعيب المخلاف,24.250174,46.809483
شعيب المخلاف الاسفل,24.263799,46.752126
شعيب المخلاف الاعلى,25.684447,46.449037
شعيب المخيم,25.692365,46.528344
شعيب المخيم,24.870622,46.187618
شعيب المخيملات,24.985442,46.492166
شعيب المدهلة,23.405685,46.773326
شعيب المرتمي,23.887711,43.600616
شعيب المرموثة,24.618044,46.103032
شعيب المرير,25.423651,44.449675
شعيب المريوي,25.368376,44.423089
شعيب المريوي,23.483598,46.84036
شعيب المزاحمية,23.704805,45.672419
شعيب المزيرع,24.751682,46.205449
شعيب المستظلة,25.283253,45.924075
شعيب المسما,25.064857,46.267977
شعيب المسماة,25.357647,43.921001
شعيب المسمى,25.330675,43.82766
شعيب المسمى,25.226905,45.332186
شعيب المسمى,23.718495,46.717279
شعيب المسمى,26.412592,45.191016
شعيب المشاش,26.397035,45.215092
شعيب المشاش,25.272632,45.768528
شعيب المشاش,24.214897,43.20322
شعيب المشاعيب,25.858469,45.272877
شعيب المشقر,25.725946,45.230305
شعيب المشقر,25.45058,45.838287
شعيب المصيدر,25.346146,45.939503
شعيب المظل,24.118338,46.280057
شعيب المظيل,21.702526,43.59875
شعيب المعجم,24.203761,43.214421
شعيب المعلق,24.195971,43.23884
شعيب المعلق,23.953972,47.350216
شعيب المعنونة,26.000991,45.283627
شعيب المعيذر,22.442837,46.160603
شعيب المعيذر,23.47523,46.595657
شعيب المعيطس,24.311049,43.020551
شعيب المغطية,24.940767,43.961663
شعيب المغيمي,24.890192,43.798156
شعيب المغيمي,24.265966,42.112763
شعيب المقاقة,23.619039,42.934227
شعيب المقتسم,23.913395,43.659668
شعيب المقتسم,25.332756,45.894012
شعيب المقرحية,24.774213,44.245033
شعيب المقسم,24.778912,44.292755
شعيب المقسم,26.450658,44.871168
شعيب المقيض,26.443212,44.863808
شعيب المقيض,23.939617,43.452558
شعيب المكحول,24.702952,46.019154
شعيب الملاحة,25.63282,45.637186
شعيب الملاحق,24.128766,46.695092
شعيب الملحة,25.384769,43.968315
شعيب الملقاء,23.545246,46.417236
شعيب المليح,25.15588,46.170602
شعيب المليح,24.440224,46.499634
شعيب المليح,23.446176,46.66091
شعيب المليح,23.669207,46.408331
شعيب المليزم,25.129487,46.160796
شعيب المليلية,25.127535,46.165473
شعيب المليلية,24.563627,46.429596
شعيب المناحي,25.209525,43.674645
شعيب المناخ,25.180728,43.736873
شعيب المناخ,24.273262,46.271153
شعيب المناخ,25.184612,44.44931
شعيب المنجور,25.13865,44.389422
شعيب المنجور,25.465772,46.057413
شعيب المنجور,25.531647,46.05752
شعيب المنجور,24.412351,47.633114
شعيب المويغرات,24.541032,43.526158
شعيب الناصفة,21.722503,44.8737
شعيب الناصفة الشمالية,21.679695,44.917774
شعيب الناصفه,25.504138,45.630577
شعيب الناقة,23.31979,46.803045
شعيب الناقة,23.883805,45.460095
شعيب النباع,23.886917,45.382934
شعيب النبيبيع,22.132559,45.88558
شعيب النتوج,26.542175,45.200994
شعيب النخيل,25.128608,45.49226
شعيب النخيل,24.999926,45.514126
شعيب النخيل,25.052905,45.540948
شعيب النخيل,25.108051,45.508933
شعيب النخيل,25.000591,45.515413
شعيب النخيل,25.052412,45.540218
شعيب النخيل,25.29793,46.295893
شعيب النخيلة,25.272331,46.293983
شعيب النخيلة,25.877223,45.305858
شعيب النزية,23.483169,43.169618
شعيب النظيم,25.59999,45.291331
شعيب النظيم,25.578125,45.27719
شعيب النظيم,24.222257,46.880851
شعيب النظيم,24.19668,46.823216
شعيب النظيم,26.31041,45.307596
شعيب النعايم,23.117294,43.319478
شعيب النعيم,22.11226,46.244566
شعيب النقع,24.27882,43.12741
شعيب النيصية,23.749566,43.114729
شعيب الهتيمية,24.844122,46.204548
شعيب الهديدير,24.878304,46.251712
شعيب الهديدير,23.196752,44.483428
شعيب الهرارة,22.804677,46.974964
شعيب الهزمية,22.887075,46.932178
شعيب الهزمية,22.881775,46.834202
شعيب الهزمية الجنوبية,22.948058,46.868556
شعيب الهزمية الشمالية,22.917953,46.862183
شعيب الهزمية الوسطى,25.944514,46.386423
شعيب الهشيم,25.212271,46.958206
شعيب الهشيم,23.245418,44.554346
شعيب الهمجة,24.04978,42.844384
شعيب الهمدانة,24.141126,42.875583
شعيب الهمدانة,24.21921,42.890883
شعيب الهميج,25.521369,45.746384
شعيب الهويمل,25.144444,43.990567
شعيب الهييشة,25.023122,43.562937
شعيب الهييشة,25.08256,43.809185
شعيب الهييشة,24.425333,46.686466
شعيب الواشلة,24.13413,46.300871
شعيب الوجاة,24.221721,46.752684
شعيب الوحلة,24.858692,46.340654
شعيب الوحيرش,24.896972,46.417193
شعيب الوحيرش,24.58075,43.931472
شعيب الودي,23.645689,44.738045
شعيب الودي,23.57872,44.97277
شعيب الودي,23.612301,44.893506
شعيب الودي,26.058691,46.380157
شعيب الودي,22.067349,46.349731
شعيب الودي,25.471458,45.91547
شعيب الودينية,23.517909,46.755688
شعيب الوشل,25.568426,45.694156
شعيب الوشيل,24.939952,46.263557
شعيب الوصيل,26.442461,45.218804
شعيب الوعالي,26.56007,45.284164
شعيب الوعالي,26.565113,45.303369
شعيب الوعالي,22.544611,44.117939
شعيب الوعول,25.757489,46.324196
شعيب الوعولي,22.19646,45.880516
شعيب الوعيرة,22.541306,46.466482
شعيب الوقيعة,22.857399,43.6098
شعيب الوهط,23.055432,45.482433
شعيب الوهوهي,24.97422,45.967462
شعيب الياطة,24.973426,45.921135
شعيب الياطة,25.058184,46.048937
شعيب الياطة,24.783375,46.43024
شعيب اليسرى,23.448687,46.720884
شعيب الينومة,24.008346,46.274178
شعيب ام الجراد,24.757304,43.502126
شعيب ام الجرفان,25.921211,46.204848
شعيب ام الحجا,23.807309,45.47533
شعيب ام الذئاب,23.525612,46.745303
شعيب ام السدر,22.51339,44.622517
شعيب ام الصفار,25.929215,46.471438
شعيب ام الطين,24.185715,47.966652
شعيب ام الغربان,23.464608,46.830103
شعيب ام اللقاح,23.61361,46.994877
شعيب ام حتية,22.318726,44.383049
شعيب ام حثول,25.85892,46.420841
شعيب ام حميض,22.21899,46.511135
شعيب ام حميض,24.848177,46.31999
شعيب ام رجلين,24.160824,46.135883
شعيب ام رجوم,22.840319,43.21955
شعيب ام رديهة,23.038673,46.683826
شعيب ام رضام,24.615769,47.416456
شعيب ام رضمة,22.313018,43.77569
شعيب ام رقيبة الجفرة,24.089477,46.179335
شعيب ام رمل,23.980923,45.852642
شعيب ام سدرة,23.68957,46.485708
شعيب ام سدرة,23.992703,46.746483
شعيب ام سدرة,24.295084,46.147878
شعيب ام سرح,24.158978,42.880862
شعيب ام سرحة,24.108424,42.883973
شعيب ام سرحة,24.053106,46.156375
شعيب ام سرحة,23.814819,45.606072
شعيب ام سريح,24.009247,43.021431
شعيب ام سليم,24.27706,46.331212
شعيب ام سليم,22.496567,46.681766
شعيب ام سليم,23.956032,48.081493
شعيب ام سليم,24.324009,46.158564
شعيب ام سليم الذيبي,23.821106,45.479429
شعيب ام سوس,22.953958,45.587618
شعيب ام شبرم,22.60334,46.775665
شعيب ام شبيرم,22.484379,46.830447
شعيب ام شبيرم,24.732091,42.234685
شعيب ام شيح,24.06008,46.164057
شعيب ام شيع,27.264075,45.193849
شعيب ام طليحة,23.839731,45.462563
شعيب ام عشرة,23.507073,46.351211
شعيب ام عشرة,21.217604,44.365711
شعيب ام علجان,22.786632,45.485287
شعيب ام عليبة,23.779264,45.298004
شعيب ام عوشز,24.786336,46.399276
شعيب ام غربان,22.332373,47.081845
شعيب ام قرضي الجنوبي,22.401123,47.11504
شعيب ام قرضي الشمالي,24.77859,46.32853
شعيب ام قرنة,23.742721,45.696087
شعيب ام قويع,24.88575,46.342113
شعيب ام كثير,23.838851,44.111931
شعيب ام لدم,23.505034,46.154101
شعيب ام مرخ,23.100321,48.004396
شعيب ام مرخ,24.120934,46.322565
شعيب ام مريخ,24.412308,46.565723
شعيب ام مريخ,22.972541,45.781081
شعيب ام نكوخ,25.252912,43.905916
شعيب اوضاخ,25.35224,44.092147
شعيب اوضاخ,24.849443,46.732729
شعيب باب الجرفان,24.854121,46.679428
شعيب باب الجرفان,26.395168,45.300064
شعيب بتيران,24.554121,42.286291
شعيب بحيران,24.877768,45.638967
شعيب بدهاء,23.625047,46.50296
شعيب برمة,23.649788,46.487596
شعيب برمة,23.726091,46.765344
شعيب بريريد,23.068478,44.287477
شعيب بعاج,24.034953,45.357571
شعيب بعيثران,25.263491,45.874336
وادي عبيثران,25.185277,45.943923
وادي عبيثران,26.835308,45.077119
شعيب بقر,26.753554,45.038044
شعيب بقر,26.714308,45.022101
شعيب بقيران,24.173183,46.889648
شعيب بليجين,24.815025,44.62301
شعيب بليعيس,24.914567,44.703541
شعيب بليعيس,23.334832,43.433182
شعيب بهجة,25.827098,45.690272
شعيب بوضاء,25.833492,45.811765
شعيب بوضاء,23.571146,46.47352
شعيب تربان,23.605156,46.493647
شعيب تربان,23.60683,46.503561
شعيب تريبين,25.672238,45.91783
شعيب تمرية,25.663955,45.95551
شعيب تمرية,24.246676,44.187162
شعيب تيماء,22.498798,47.375965
شعيب ثمامان,24.0907,46.373248
شعيب ثميلة الجفير,22.554438,44.362407
شعيب جاحد,23.988433,46.243644
شعيب جافان,23.088284,47.152805
شعيب جدعان الأوسط,23.053265,47.182674
شعيب جدعان الجنوبي,23.152313,47.168598
شعيب جدعان الشمالي,22.567592,44.437916
شعيب جدير,26.830716,45.072699
شعيب جراب,26.775699,44.99927
شعيب جراب,26.784325,44.984593
شعيب جراب,22.689643,43.626215
شعيب جروح,23.971975,46.645653
شعيب جمعان,24.38525,46.365502
شعيب جمل,24.35817,46.350954
شعيب جمل,24.361646,44.497869
شعيب جهام,24.450932,44.710214
شعيب جهام,25.555315,45.647786
شعيب جوفاء العودة,23.56046,46.278126
شعيب جوفان,25.992429,46.359858
شعيب جويعد,23.565073,46.290872
شعيب جويفين,23.691652,42.143834
شعيب حبرة,24.526806,46.371918
شعيب حجلة,24.166231,46.098933
شعيب حجيران,23.910885,46.705799
شعيب حجيل,23.864665,45.519533
شعيب حجيلاء,23.64687,46.909089
شعيب حداجين,24.847598,46.134746
شعيب حدين,23.878291,46.41361
شعيب حر,23.763578,46.434553
شعيب حر,25.066187,46.318402
شعيب حرقان,25.067131,46.214762
شعيب حرقان,22.652349,45.001502
شعيب حريملاء,22.654066,45.014677
شعيب حريملاء,22.667284,45.043774
شعيب حريملاء,22.670696,45.14293
شعيب حريملاء,22.655675,45.166812
شعيب حريملاء,23.987789,44.12075
شعيب حسيكان,26.623607,45.096817
شعيب حسيكان,23.332386,46.495192
شعيب حلية,22.625656,46.541348
شعيب حليفة,25.512915,45.568156
شعيب حمام,25.512915,45.568156
شعيب حمام,24.847062,46.21738
شعيب حمران,24.4222,44.465876
شعيب حمرور,24.402802,44.453323
شعيب حمرور,24.519167,44.656463
شعيب حميان,25.461266,46.679084
شعيب حميم,25.531089,46.909432
شعيب حميم,23.747807,46.373484
شعيب حنيظلة,25.436847,45.622895
شعيب حوجان,24.058514,46.623123
شعيب ختارش,22.583234,44.464116
شعيب خربقاء,23.91758,43.173115
شعيب خرجة,23.706608,43.84371
شعيب خرطى,23.726842,43.762085
شعيب خرطى,25.28806,45.18827
شعيب خروب,23.851211,46.345933
شعيب خظاخظ,23.13195,43.032417
شعيب خنثل,24.177475,43.014307
شعيب خنقة فايزة,22.734146,47.502136
شعيب خنيفس,26.604638,45.172176
شعيب خنيفسان,26.5658,45.112181
شعيب خنيفسان,23.480701,45.036736
شعيب خويطرة,23.183749,43.154984
شعيب خييشان,26.08959,45.499578
شعيب دابان,24.302208,44.798191
شعيب داحس,24.328215,44.82806
شعيب داحس,24.386687,42.107162
شعيب دحمولة,23.798704,45.927594
شعيب دحيلان,25.851645,46.037972
شعيب دريبات الخيل,23.976545,42.957809
شعيب دسمان,24.235454,44.938524
شعيب دسمان,24.845259,46.186094
شعيب دعلج,24.473591,43.102283
شعيب دعيكان,25.345802,46.2168
شعيب دقلة,25.459077,46.264243
شعيب دقلة,25.32486,46.192596
شعيب دقيل,24.005642,44.240055
شعيب دلعة,22.52517,43.858194
شعيب دمنان,23.065968,43.865318
شعيب دهو,24.036949,46.94797
شعيب ذويبان,24.401643,43.31538
شعيب ربيلة,24.711213,43.671448
شعيب رضية,24.71705,43.768759
شعيب رضية,24.720998,43.697734
شعيب رضية,21.474087,43.352265
شعيب رغوان,23.684978,44.281597
شعيب رغوان,23.952427,42.1875
شعيب رغوة,23.786623,42.183809
شعيب رغوة,25.834136,44.584622
شعيب رغوة,25.833192,44.582798
شعيب رغوة,22.578406,45.118146
شعيب رغوة,22.595336,45.083792
شعيب رغوة,23.029747,45.317616
شعيب رقعان,24.982417,45.921049
شعيب رميثة,24.989841,45.944202
شعيب رميثة,25.060952,46.021643
شعيب رميثة,25.655823,46.357069
شعيب رويغب,26.193466,45.011523
شعيب ريمية الجنوبي,24.448013,42.081242
شعيب زابن,23.647857,42.196469
شعيب زبدان,26.330366,45.399134
شعيب زبدة,26.229773,45.388191
شعيب زبدة,26.433749,45.476897
شعيب زبدة,23.630862,46.339045
شعيب زبدة السفلى,23.632901,46.31233
شعيب زبدة العلوي,26.458533,45.468464
شعيب زبده,23.083885,43.246114
شعيب زرائب صالح,27.452366,45.095208
شعيب زراق الشمالي,23.682511,42.608671
شعيب زعب,22.597568,43.906839
شعيب زهران,23.444331,44.760211
شعيب سامودة,23.988991,45.315342
شعيب سحيم,24.226935,46.704619
شعيب سدحان,26.116798,45.462928
شعيب سدحة,24.182432,46.300099
شعيب سدير,23.71341,46.403053
شعيب سدير,24.749708,46.196008
شعيب سدير,24.298024,46.273599
شعيب سدير,24.691772,46.558621
شعيب سدير,22.161784,46.362326
شعيب سدير,24.34772,46.831584
شعيب سدير,24.025362,46.317909
شعيب سدير الأسفل,23.980687,46.250854
شعيب سدير الأعلى,24.840624,46.421185
شعيب سدير البويطح,22.718353,46.6222
شعيب سدير الجنوبي,22.723846,46.635933
شعيب سدير الشمالي,23.993797,46.652756
شعيب سدير ماوان,24.547062,43.615186
شعيب سرورة,25.228579,46.21901
شعيب سريويل,25.262611,46.25051
شعيب سريويل,24.257126,42.012577
شعيب سفر,24.735117,46.339045
شعيب سقطة العمارية,21.795223,43.735928
شعيب سقمان,23.065968,43.750305
شعيب سلال,24.053085,44.85456
شعيب سلال,24.898431,46.467361
شعيب سلام,25.597651,46.338444
شعيب سليحان,21.586289,44.199049
شعيب سمر,22.63675,46.416142
شعيب سمران,26.284039,44.824412
شعيب سمنان,26.221147,44.906595
شعيب سمنان,26.285133,44.842243
شعيب سمنان,26.030967,45.882339
شعيب سميليل,24.971366,46.123223
شعيب سويس,24.995806,46.1953
شعيب سويس,22.641621,46.594563
شعيب سويس,23.994591,46.97947
شعيب سويس,23.984463,46.946275
شعيب سويس,23.647556,46.803775
شعيب شبلة,22.464981,44.318848
شعيب شبوة,23.92715,44.316895
شعيب شبيكان,22.780323,47.310047
شعيب شداد,23.50261,46.088312
شعيب شعفة,23.583269,46.135991
شعيب شعفة,26.100447,45.799963
شعيب شليلان,23.61376,46.3955
شعيب شناظر,23.646183,45.90575
شعيب شينان,23.737464,46.106401
شعيب شينان,24.173934,46.257591
شعيب صبيغ,23.409569,43.17539
شعيب صخيبرة,23.551683,42.15364
شعيب صدعان,23.82396,44.257457
شعيب صدعان,22.016945,44.131157
شعيب صدعان,24.078641,46.872525
شعيب صديع,26.031589,45.083427
شعيب صفيان,25.165429,46.38432
شعيب صلبوخ,25.081315,46.360095
شعيب صلبوخ,23.088906,44.013805
شعيب صلهامة,24.348042,45.112653
شعيب صميغان,24.498503,43.958187
شعيب صهريج,24.452777,44.137208
شعيب صهريج,24.342613,46.417794
شعيب صيادة,25.907564,46.108503
شعيب ضاحك,25.879862,46.011343
شعيب ضاحك,20.851235,44.068372
شعيب ضاعن,25.1226,43.653939
شعيب ضبة,25.075414,43.723462
شعيب ضبة,24.974241,43.227832
شعيب ضليع الركبان,26.201234,45.615814
شعيب طرق,21.95092,44.470274
شعيب طفلان,25.896449,45.267813
شعيب طفنان,23.545139,46.336727
شعيب طليليح,24.755416,46.236691
شعيب طويقين,22.317696,46.969299
شعيب طير,23.787825,46.341448
شعيب عاصا,23.491237,46.333015
شعيب عاصا السفلى,23.482633,46.323423
شعيب عاصا العليا,25.00514,46.344838
شعيب عبرية,26.199603,45.618024
شعيب عبلين,24.36656,46.470752
شعيب عبيد,24.180522,46.455796
شعيب عجاج,23.781774,46.648979
شعيب عجاج,24.189663,46.363163
شعيب عجيج,23.986244,43.15464
شعيب عدل,23.911808,46.178863
شعيب عريدان,23.917515,46.0799
شعيب عريدان,26.328542,44.787762
شعيب عريعرة,26.327598,44.823983
شعيب عريعرة,25.170751,43.476655
شعيب عريفجان,25.112193,43.58712
شعيب عريفجان,22.49191,43.654904
شعيب عرينان,23.850396,44.571598
شعيب عريوي,26.760936,45.33298
شعيب عزرة,21.429155,43.404408
شعيب عسيلان,24.186273,43.612933
شعيب عسيلة,24.517665,43.973036
شعيب عشيران,24.473591,44.118261
شعيب عشيران,24.10542,45.258458
شعيب عشيران,26.589704,45.129433
شعيب عشيران,25.320418,46.959686
شعيب عشيران,23.339145,46.767812
شعيب عشيرة,24.801357,46.41655
شعيب عصيدان,23.472354,46.586151
شعيب عفار,23.954551,42.966178
شعيب عفيفة,24.008667,42.991734
شعيب عفيفة,24.113874,43.028533
شعيب عفيفة,24.044373,43.597698
شعيب عقب,21.878071,47.207501
شعيب علوش,21.701496,44.72899
شعيب عليات,23.828015,45.219083
شعيب عنان,23.804047,45.280087
شعيب عنان,23.911786,42.810051
شعيب عنيزة,23.900435,42.876441
شعيب عنيزة,25.127728,45.404649
شعيب عوانة,25.142319,45.412245
شعيب عوانة,26.757889,45.093899
شعيب عويجاء,26.732783,45.078385
شعيب عويجان,23.476861,46.693783
شعيب عويشزان,24.371474,46.443994
شعيب عيدة,23.833787,45.558844
شعيب عيران,23.579042,46.423373
شعيب عيلان,24.928257,46.403911
شعيب غالة,24.893475,46.439703
شعيب غالة,24.748163,46.545317
شعيب غبيراء,24.749558,45.925276
شعيب غددة,24.387782,46.81916
شعيب غرابة,24.841375,44.432509
شعيب غرب,24.878283,46.195257
شعيب غرور,23.738601,46.33044
شعيب غزال,25.47899,44.344704
شعيب غويمض,26.785634,45.143487
شعيب غيانة,26.875734,45.104477
شعيب غيانه,25.768948,45.154667
شعيب فريثان,25.837054,46.070952
شعيب فريثان,25.900891,46.134231
شعيب فريثان,24.208267,46.626255
شعيب فريثان,21.634784,44.480295
شعيب فلاج,22.253151,46.533494
شعيب فويعية,22.166848,46.644731
شعيب فويعية,25.653827,46.812809
شعيب فويلق الحجاج,25.480578,47.065837
شعيب فويلق القنينة,23.746154,46.424403
شعيب في,24.275687,43.287828
شعيب فيحان,24.254937,43.362329
شعيب فيحان,23.264194,43.303063
شعيب فيضة المحدث,23.325284,43.587527
شعيب فيضة المحدث,23.245461,45.452006
شعيب قران,23.211129,45.55202
شعيب قران,24.868541,46.249759
شعيب قري البارود,24.879591,45.783398
شعيب قري فوزان,23.715556,46.432772
شعيب قعاقع,22.594757,44.397039
شعيب قيران,25.076337,45.48327
شعيب كافت,25.080521,45.496144
شعيب كافت,25.072711,45.483098
شعيب كافت,25.067174,45.480781
شعيب كافت,24.650831,43.253109
شعيب كبشان,24.524875,43.316796
شعيب كبشان,24.560559,43.309822
شعيب كبشان,24.235475,46.616063
شعيب كحلة,24.23672,46.510191
شعيب كحيل,23.738494,46.438823
شعيب كريسية,21.516552,46.22386
شعيب كلاوي,24.466617,47.156775
شعيب كلباء,24.376709,43.251522
شعيب كوير,24.393361,43.28433
شعيب كوير,24.149365,43.95941
شعيب كويكب,25.2389,47.038972
شعيب لبجة,25.143993,46.9964
شعيب لبجة,22.527122,44.935863
شعيب لحسة,23.619897,46.633766
شعيب لصاد,22.71389,46.479034
شعيب لصب الصيد,24.894805,46.095114
شعيب لوذان,25.078053,45.472841
شعيب مانح,25.069664,45.45177
شعيب مانح,23.97485,45.40952
شعيب مبغرة,23.944981,42.284424
شعيب مبهل,24.982352,43.306947
شعيب مبهل,23.669872,48.006992
شعيب مبهل,24.258842,46.472082
شعيب محجوب الأسفل,24.267705,46.383913
شعيب محجوب الأعلى,24.27367,46.418331
شعيب محجوب الأوسط,25.258513,46.227915
شعيب محرقة,25.291686,46.268342
شعيب محرقة,25.437212,46.31778
شعيب محرقة,25.539823,46.405156
شعيب محرقة,25.887029,46.542978
شعيب محرقة الجنوبي,25.771201,46.531219
شعيب محرقة الجنوبي,25.91368,46.518989
شعيب محرقة الشمالي,25.849457,46.507552
شعيب محرقة الشمالي,23.609984,43.193178
شعيب محيرقة,23.973863,45.069072
شعيب محيرقة,24.712286,46.310892
شعيب مخلب,25.333228,46.230683
شعيب مخمر,25.352454,46.264994
شعيب مخمر,23.712058,46.26111
شعيب مديفين,22.014606,45.868607
شعيب مرخ,23.707123,43.067715
شعيب مرغان,23.590243,43.120995
شعيب مرغان,23.840504,46.360245
شعيب مرقان المجمعة,23.77214,46.382861
شعيب مرقان المجمعة,24.10821,46.408632
شعيب مرقان نساح,26.267152,45.431921
شعيب مرمح,24.392824,46.791651
شعيب مريسلة,25.044537,44.182935
شعيب مريطبة,23.073285,43.943939
شعيب مريفق,24.784727,46.423373
شعيب مزيرعة,23.35541,46.965716
شعيب مساح الشمالي,25.143328,46.235254
شعيب مسماة ملهم,26.8349,45.220735
شعيب مشلح,22.914305,43.300145
شعيب مشهاب,25.321383,46.781309
شعيب مصدة,24.292488,46.348572
شعيب مصيدير,22.654667,46.688461
شعيب مصير,24.138143,46.798067
شعيب مطال,25.415497,44.438152
شعيب مطربة,25.404661,44.381676
شعيب مطربة,24.42883,46.574264
شعيب مطوية,24.049523,44.179373
شعيب مطيوي,23.567026,46.866367
شعيب معدية,25.192165,45.828202
شعيب معشبة,26.58215,45.264187
شعيب مغور,22.316494,47.847176
شعيب مغيراء,24.710784,44.543831
شعيب مقاطع الرحي,24.152091,46.463821
شعيب مقبور,22.682476,46.778584
شعيب مقيم,23.656654,46.629324
شعيب ملطخ,25.178647,46.400907
شعيب ملهم,25.353656,46.431227
شعيب ملهم,25.477402,46.420434
شعيب ملهم,25.457189,46.394448
شعيب ملهم,25.789611,46.113868
شعيب مليح,22.490923,46.607609
شعيب مليزق,23.913975,46.822014
شعيب مويوين,24.492881,46.383848
شعيب نبعان,23.659637,46.519053
شعيب نبعة,23.628352,46.518946
شعيب نبعة,22.24165,43.691361
شعيب نبيطة,23.658392,46.521027
شعيب نبيعة,24.335747,46.624281
شعيب نتقة الأوسط,24.258413,46.611621
شعيب نتقة نساح السفلى,24.252427,46.592395
شعيب نتقة نساح العليا,22.120221,46.017437
شعيب نخيلان,24.134924,46.782918
شعيب نشبة,24.588733,47.029896
شعيب نظيم قوت,22.916107,46.570187
شعيب نعض الورهية,23.040283,46.635096
شعيب نعض بعيجاء,23.464565,46.781845
شعيب نعم,23.038738,46.616986
شعيب نعيم,24.091644,46.319411
شعيب نعيم الأسفل,24.07995,46.326578
شعيب نعيم الأعلى,24.476209,43.766635
شعيب نفجان,25.132277,43.986576
شعيب نفي,25.030396,43.812683
شعيب نفي,24.972804,43.797212
شعيب نفي,25.695283,46.536262
شعيب نفيخ,25.609732,46.528859
شعيب نفيخ,22.624583,47.898781
شعيب نملان,23.819475,46.325333
شعيب نميص,22.520707,46.528022
شعيب نويل,23.869472,45.466275
شعيب هاصم,22.469101,44.504929
شعيب هبي,23.613589,45.616651
شعيب هدباء,24.758806,43.17524
شعيب هرمول,23.808682,45.516636
شعيب هندي,24.459686,44.410858
شعيب واسط,23.938351,44.658115
شعيب وثلان,25.489311,44.421844
شعيب وثيلان,25.511799,45.535069
شعيب ودي الذيب,25.021899,45.596888
شعيب ودي السدر,25.019474,45.592918
شعيب ودي السدر,25.363054,46.119125
شعيب وسيد الماء,23.848507,42.885711
شعيب وعلة,23.862283,42.932661
شعيب وعلة,25.67816,46.320548
شعيب وغاوغ,25.687087,46.399362
شعيب وغاوغ,23.704054,44.812675
شعيب وهق,23.713496,44.757121
شعيب وهق,20.742702,43.992305
شعيب يفيخ,24.891307,45.944996
شعيبات البويطنات,26.006699,46.367304
غدير ابا القبور,26.008222,46.358185
غدير ابالرخم,25.957389,46.199205
غدير ابو طلحة,25.949943,46.141269
غدير ابو طلحة,25.90795,46.236713
غدير الترباعة,24.74076,45.869658
غدير الحصان,25.956058,46.180537
غدير الرشايدة,23.682125,46.921663
غدير السدرة,25.967731,46.2324
غدير الشظو,25.916469,46.141655
غدير الشوكي,25.88999,46.051812
غدير المخاشر,25.893702,46.057541
غدير الهاشات,25.802679,46.131892
غدير ام الارشة,25.718672,46.561754
غدير ام خضب,25.873575,46.043937
غدير ام شبرم,26.121218,45.001352
غدير سرور,25.905333,46.095715
غدير عفتان,25.910804,46.136055
غدير فريثان,25.902007,46.117065
غدير لويحق,25.682859,46.630912
غدير هفوه,24.727006,46.085544
فضاض الزمل,24.729903,46.114061
فضاض الزمل,21.647873,45.824146
فضية جليميد,24.12132,46.364386
فندة المندسة,26.582108,45.015621
فياض البعول,26.023757,44.658716
فياض المغر الجنوبيات,27.128549,44.938717
فياض ام هشيم,25.965757,45.195565
فياض حطابة,25.997107,45.030448
فيد الفداغ,26.755486,44.938545
فيضة أبو سدرة,25.418458,46.773605
فيضة أم أثلة,26.738899,45.390508
فيضة أم الذيابة,25.804996,45.940704
فيضة أم الشقوق,26.534729,45.062828
فيضة أم الصقور,26.052017,45.456963
فيضة أم النقد,26.483402,45.376797
فيضة أم بعل,26.731968,45.302811
فيضة أم حجول,25.973911,46.103611
فيضة أم حجول,25.434852,47.05646
فيضة أم حجول,26.551723,45.078106
فيضة أم حجون,26.986027,44.876468
فيضة أم حسيان,26.548977,45.029011
فيضة أم رشاد,26.857452,45.234146
فيضة أم سديرة,26.674805,45.182648
فيضة أم شبرم,26.207907,45.368085
فيضة أم شبرم,26.81282,45.277061
فيضة أم شفلح,26.690254,44.955196
فيضة أم شيح,26.442032,45.477905
فيضة أم طليحة,26.698666,45.332851
فيضة أم كلوح,26.537304,45.093727
فيضة أم كلوخ,26.915216,44.995537
فيضة أم هشيم,20.530572,44.899342
فيضة ابو جرير,26.732247,45.175202
فيضة ابو حريقه,25.75809,46.290507
فيضة ابو ركبة,25.451009,47.127829
فيضة ال شامر,25.931339,45.813739
فيضة الأرطاوي,26.327534,45.6954
فيضة الأمير,26.042812,45.919569
فيضة الأمير,26.47999,45.418382
فيضة البتيراء,25.230317,45.697203
فيضة البدائع,26.886077,44.934962
فيضة البيدانية,26.091714,46.490536
فيضة التنهات,20.403843,44.965153
فيضة الحباشي,23.446863,46.065674
فيضة الحبردية,25.758498,46.180108
فيضة الحقاقة,22.826328,48.031712
فيضة الحلوة,26.39092,45.982804
فيضة الحيرا,25.474033,46.457062
فيضة الخفس الجنوبية,25.560551,46.407623
فيضة الخفس الشمالية,26.193123,45.693684
فيضة الخفيسات,25.342927,47.287946
فيضة الخويش,25.150602,47.459285
فيضة الخويش,24.797559,46.94237
فيضة الدغيم,22.502918,48.006649
فيضة الدوسري,24.837341,45.148509
فيضة الديري,26.888695,45.100079
فيضة الرحبة,24.847984,45.093212
فيضة الرويكب,24.847469,45.090337
فيضة الرويكب,26.39843,45.491467
فيضة الزلعاء,26.628971,44.952965
فيضة الزلعة,25.752404,46.069815
فيضة السحق,26.370535,45.640554
فيضة السديريه,20.447531,45.523653
فيضة العشر,25.366917,45.357656
فيضة العكرشية,26.893501,45.212173
فيضة العمياء,25.268726,45.52597
فيضة الغابة,20.453024,44.484415
فيضة الغريدة,23.094807,48.106556
فيضة الغيثاني,22.313919,46.800556
فيضة الفرشة,25.448971,46.869736
فيضة القرعاء,25.840316,46.359215
فيضة القريعاء,27.09074,45.354652
فيضة القور,22.269545,46.64134
فيضة الكبرى,26.287236,45.674436
فيضة الكسر,25.065823,46.988869
فيضة المجلس,26.65854,45.42954
فيضة المجمع,26.62468,45.409069
فيضة المجمع,24.697266,45.369072
فيضة المحتجبة,23.310585,43.551006
فيضة المحدث,25.697536,46.500664
فيضة المخيم,22.83268,46.835575
فيضة المستديرة,25.728543,45.227773
فيضة المشقر,25.953999,46.24609
فيضة المصطحبة,25.445709,47.238121
فيضة المنتظم,20.276041,44.396353
فيضة المنسقاة,26.549728,44.967277
فيضة النظيم,22.330914,46.837463
فيضة الوسيلة,25.418458,46.773605
فيضة ام اثله,26.486106,45.352013
فيضة ام البقل,25.924494,46.414018
فيضة ام الجمال,25.872653,45.920448
فيضة ام الدخل,24.95332,44.490466
فيضة ام الصعانين,27.132454,45.339375
فيضة ام الصعانين,25.942497,46.468391
فيضة ام الطين,25.607929,45.119133
فيضة ام العصافير,27.386856,45.066261
فيضة ام الهشيم,24.374478,46.244245
فيضة ام حرمل,25.853212,46.399212
فيضة ام حميض,26.338177,45.289593
فيضة ام خرجين,26.235008,45.807838
فيضة ام خريط,27.102928,45.334568
فيضة ام سدرة,24.693146,45.428467
فيضة ام شبرم,25.027027,47.051353
فيضة ام شقوق,26.110554,46.045246
فيضة ام صخبر,27.254291,45.238845
فيضة ام طليحة,26.138706,46.048679
فيضة ام طيور,26.345301,45.49741
فيضة ام عشر,24.582939,45.320148
فيضة ام عنصيل,26.468983,45.115871
فيضة ام عواقيل,26.719093,45.20668
فيضة ام عواقيل,25.461116,47.074056
فيضة ام قصير,26.37886,45.848179
فيضة ام مراغ,26.570306,45.10025
فيضة برزان,27.503586,44.711716
فيضة بريكة الأجردي,23.763256,43.420029
فيضة ترابان,26.76115,45.26762
فيضة جارد,23.383026,44.25396
فيضة حلبان,25.383053,47.284813
فيضة خريم,26.587772,45.107074
فيضة خنيفسان,24.611778,45.615063
فيضة دعمان,26.010818,46.105328
فيضة رغوة,26.314273,45.389607
فيضة زبدة,25.589733,46.280079
فيضة سجوان,26.121712,45.472069
فيضة سدحة,21.981754,45.772734
فيضة سدر الهمل,25.716763,46.144316
فيضة صقرة,20.712061,45.803633
فيضة طيبة,26.975877,44.891424
فيضة عزاير,26.575069,45.080681
فيضة عمياء,24.949265,45.212688
فيضة غرغر,25.939493,46.007309
فيضة غزوى,25.931339,46.450925
فيضة قري الحمير,23.644552,47.941461
فيضة مبهله,25.76781,46.098332
فيضة محيسن,21.923304,45.715828
فيضة مراك,25.771866,44.698391
فيضة معيفن,25.263448,46.502016
فيضة ملهم,26.611118,45.010643
فيضة مليمة,25.969019,46.011343
فيضة هليل,25.284734,47.407422
فيضة وثيلان,25.187895,45.442629
قاع ابا سمري,24.210949,42.959976
قاع ابو شفلح,22.970095,43.430994
قاع البديعة,27.309244,45.057807
قاع الحنبلي,23.440189,43.114128
قاع الردائف,23.300285,43.159447
قاع الرطرطية,23.451862,43.516674
قاع الرهاصية,24.350338,46.276753
قاع القرقارة,24.041476,45.776489
قاع الكدرة,24.349308,42.202263
قاع المحير,23.660431,46.96063
قاع المنسف,25.105305,44.329491
قاع النظيم,24.879076,45.857148
قاع النقعة,25.274756,44.523983
قاع الوشيين,24.788053,46.375587
قاع ام غربان,25.492766,45.236034
قاع اميغر,23.696995,43.293858
قاع صفاقة,25.132427,44.694786
قاع غربة,25.971508,45.196209
قاع لدد,23.541126,43.361664
قاع مدوني,26.966972,45.119648
محير أم طليحة,27.010746,45.067635
محير أم هشيم,21.930106,47.124224
محير الحاوي,23.617687,47.762203
محير الحليوة,20.431051,44.429483
محير المنجور,27.013707,45.149775
محير ام الهشيم,21.513591,47.474971
محير عدائم الفرس,21.568737,46.271839
نقعة الكرمدية,24.528179,47.628307
نقعة عاصا,24.66347,46.564736
وادي أوبير,24.633365,46.516886
وادي أوبير,24.616027,46.469765
وادي أوبير,23.808532,44.926851
وادي ابا الجرفان,23.636463,44.980366
وادي ابا الجرفان,24.073319,47.366953
وادي ابا الذر,24.123402,47.398796
وادي ابا الذر,24.627099,47.092273
وادي ابا الرثي,25.319946,45.679758
وادي ابا السدر,23.107681,47.728043
وادي ابا الغيران,24.598796,47.05867
وادي ابا الناس,24.085851,42.46042
وادي ابو ثمام,24.406686,47.640195
وادي ابو جفان,24.169064,48.038578
وادي ابو حداد,23.625262,42.294316
وادي ابو حمراء,23.71753,42.361672
وادي ابو حمراء,23.418131,42.1878
وادي ابو خشب,21.24434,44.918118
وادي ابو زريب,24.218867,42.443211
وادي ابو سحم,23.730319,42.350771
وادي ابو سرحة,23.668392,42.250714
وادي ابو سرحة,23.784692,45.944545
وادي ابو سروح,24.342957,42.654891
وادي ابو سليم,24.392459,42.59584
وادي ابو سليم,23.426628,48.015747
وادي ابو سمر,23.240054,47.385213
وادي ابو شبهانة,24.237556,42.658753
وادي ابو عريد,24.879227,47.475872
وادي ابو عشرة,25.125325,46.152341
وادي ابو كتادة,23.331013,47.378883
وادي ابو مرخة,24.014783,42.559898
وادي ابو هضيد,24.226742,42.592792
وادي ابو وهط,25.181115,45.416987
وادي اثيثية,25.176051,45.412245
وادي اثيثية,22.627308,44.187956
وادي اذقان الرويان,23.018095,46.461825
وادي الأحمرة,22.261219,47.560844
وادي الأماغر,25.593123,45.596631
وادي الأمالح,24.280601,46.772254
وادي الأوسط,22.427087,46.223774
وادي الاحمر,22.347736,46.424103
وادي الاحمر,22.331707,46.543365
وادي الاحمر,22.23341,46.701958
وادي الاحمر,23.193791,44.884686
وادي الارطاوي الجنوبي,23.52072,44.712231
وادي الارطاوي الشمالي,23.409483,44.92919
وادي الارطاوي الشمالي,23.565867,46.37711
وادي الايسر,23.604748,46.473477
وادي الايسر,27.710395,45.036499
وادي الباطن,24.632185,42.193422
وادي البحرة,23.607945,44.729934
وادي البدع,23.495765,44.954102
وادي البدع,24.916842,45.861225
وادي البرة,24.962547,45.9059
وادي البرة,22.685909,47.911549
وادي البطحاوي الجنوبي,22.732258,47.880993
وادي البطحاوي الشمالي,24.422758,47.600284
وادي الترابي,21.845198,47.012665
وادي الثلثانة,25.342884,46.811392
وادي الثمامة,25.36078,47.092359
وادي الثمامة,22.170582,46.448479
وادي الثوير,24.982867,47.085514
وادي الجافي,24.984777,47.076802
وادي الجافي,25.11112,47.459178
وادي الجافي,22.032952,47.121735
وادي الجدول,24.253049,42.155356
وادي الجرير,23.819733,42.357681
وادي الجرير,23.666439,42.563117
وادي الجرير,24.111428,46.357412
وادي الجفير,24.081688,46.334002
وادي الجفير,23.813145,46.863856
وادي الجلبية,24.390013,46.818109
وادي الحاء,23.716693,48.069971
وادي الحاوي,23.680644,45.32444
وادي الحجاجي,23.673027,45.24715
وادي الحجاجي,24.266825,45.085702
وادي الحرملية,24.260237,45.17194
وادي الحرملية,23.74712,46.391294
وادي الحريق,23.618674,46.472704
وادي الحريق,23.544259,46.770666
وادي الحريق,24.757304,46.524632
وادي الحريقة,20.089788,45.549166
وادي الحسي,23.006916,47.945366
وادي الحسيني,21.145077,44.087169
وادي الحضيرة,22.568707,44.856298
وادي الحلقة,22.811737,47.837391
وادي الحلوة,23.579857,47.676308
وادي الحليوة,21.609314,44.071741
وادي الحمل,23.599813,45.468099
وادي الحميد,21.76868,44.183278
وادي الحميل,19.895811,45.248673
وادي الحنو,22.629969,46.29231
وادي الحنوة,24.61004,47.092574
وادي الحنية,24.449172,47.200763
وادي الحنية,23.489177,43.827167
وادي الخاصرة,22.986982,46.75571
وادي الخبي,23.170059,46.902716
وادي الخبي,23.328416,47.133665
وادي الخريزة,23.512652,47.093775
وادي الخريزة,23.376696,43.623061
وادي الخلوي,24.045682,44.941635
وادي الخنقة,24.065316,45.138037
وادي الخنقة,24.032357,45.085745
وادي الخنقة,24.139624,45.231957
وادي الخنقة,23.747141,47.891142
وادي الخوار,23.655796,43.53075
وادي الخوي,22.070847,46.27759
وادي الدخول,24.298217,47.857196
وادي الدخيلي,22.811909,46.462555
وادي الدريعي,23.140984,42.460077
وادي الدعكة,23.514583,47.52104
وادي الدعيب,22.700844,47.691135
وادي الدوسري,23.327236,46.734123
وادي الرحل,24.366796,43.936987
وادي الرشاء,24.543886,43.935528
وادي الرشاء,24.648857,43.978336
وادي الرشاء,24.90665,44.045048
وادي الرشاء,24.160008,44.040713
وادي الرشاء,23.94099,47.109826
وادي الرغيب,23.334961,45.156856
وادي الرقمية,23.160124,45.17576
وادي الرقمية,22.596645,44.334233
وادي الركا,22.416251,44.913182
وادي الركا,22.596731,45.439303
وادي الركا,24.185951,43.319242
وادي الرميثي,24.262683,43.385482
وادي الرميثي,23.738172,44.795165
وادي الرويضة,25.263641,45.206766
وادي الريمة,25.263598,45.203269
وادي الريمة,25.263898,45.268199
وادي الريمه,25.264027,45.248909
وادي الريمه,23.572068,45.581868
وادي الرين,25.369256,45.137973
وادي الساكني,25.368268,45.135462
وادي الساكني,23.640475,44.163258
وادي السبيحية,23.685257,45.222108
وادي السدرية,23.41208,43.687499
وادي السرة,23.367727,43.913212
وادي السرة,23.004019,45.01266
وادي السرة,22.936277,45.197947
وادي السرة,22.821329,45.49962
وادي السرة,23.432379,44.094636
وادي السرحي,23.08867,44.916444
وادي السرداح,23.766196,45.035341
وادي السرداح,23.870266,45.009441
وادي السرداح,23.55016,43.651557
وادي السرية,23.252885,45.029418
وادي السريديح,23.001659,45.17076
وادي السريديح,24.191036,47.848034
وادي السعداني,25.204761,47.049422
وادي السعيرة,25.35593,47.133279
وادي السعيرة,25.654149,45.400786
وادي السلم,23.815763,42.334592
وادي السلمات,23.603246,42.408235
وادي السلمات,23.610649,46.911793
وادي السوط,23.834023,46.950631
وادي السوط,24.269292,47.659442
وادي السوق,23.885972,42.678301
وادي الشبرم,23.702316,42.809172
وادي الشبرم,24.09615,42.560735
وادي الشبرم,24.276459,44.166241
وادي الشعراء,24.225025,42.247152
وادي الشقران,20.978565,43.657415
وادي الشقيب,24.503632,42.166107
وادي الشواطن,26.003201,46.270273
وادي الشوكي,26.034636,46.415026
وادي الشوكي,24.254487,42.171879
وادي الشويطن,24.322143,42.515073
وادي الصقرة,24.288368,42.651243
وادي الصقرة,25.06947,45.492024
وادي الصنع,25.110841,45.489771
وادي الصنع,25.077946,45.498483
وادي الصنع,21.278243,46.022737
وادي الضبيعه,24.777088,47.533894
وادي الضلعاوي,25.472252,46.576345
وادي الطوقي,25.498753,46.671746
وادي الطوقي,25.57158,46.976187
وادي الطوقي,21.256292,43.79292
وادي الطيري,21.394286,43.847959
وادي الطيري,22.471032,43.998206
وادي العبل,25.680606,46.12421
وادي العتك,25.716913,46.21489
وادي العتك,26.012728,46.439402
وادي العتك,23.422551,47.566338
وادي العجرفي,22.583084,46.663785
وادي العرس,23.540354,47.095535
وادي العقيمي,24.800262,46.51768
وادي العمارية,23.450854,45.272405
وادي العمق,23.366032,45.426664
وادي العمق,23.310564,45.546141
وادي العمق,22.993011,45.691967
وادي العمق,24.147692,42.491147
وادي العواية,24.024804,46.947305
وادي العين,24.086967,47.177138
وادي العين,20.932174,44.137788
وادي العيينة,21.035364,44.280503
وادي العيينة,26.018865,44.969659
وادي الغاط,23.670945,44.108605
وادي الغثيراء,25.23066,45.227881
وادي الغدير,25.243428,45.24039
وادي الغدير,25.229051,45.224576
وادي الغدير,23.201087,47.733107
وادي الغيثاني,22.537229,46.56244
وادي الغيل,25.403116,47.207437
وادي الغيلانة,22.704105,46.771717
وادي الغينة,23.374336,46.777725
وادي الفارعة,21.364803,44.884193
وادي الفالق,23.420041,47.794197
وادي الفاو,21.525006,44.975903
وادي الفجحاني,21.226058,43.772514
وادي الفرشة,24.247191,46.493604
وادي الفريشة,23.943286,45.552278
وادي الفويسة,21.253073,44.929254
وادي الفويلق,24.26646,48.07349
وادي القبوري,26.000862,45.540905
وادي القراشية,26.106091,45.705528
وادي القراشية,24.934802,44.70221
وادي القرنة,25.102923,44.683177
وادي القرنة,24.734001,44.745083
وادي القرينة,24.458163,47.580328
وادي القطار,22.022846,44.495466
وادي القمراء,24.028494,42.721238
وادي القويرة,23.917902,45.066304
وادي القويع,23.931119,45.143659
وادي القويع,24.00135,45.191982
وادي القويع,24.041412,45.235927
وادي القويع,24.013131,45.200887
وادي القويع,24.046862,45.240476
وادي القويعية,24.078662,45.319955
وادي القويعية,24.05978,45.369437
وادي القويعية,25.446396,45.689843
وادي الكلب,21.646392,43.62216
وادي المجامع,24.322915,42.346587
وادي المحامة,20.891769,44.466541
وادي المحرق,24.293561,42.339807
وادي المحير,22.425134,46.775944
وادي المرى,25.579283,47.182438
وادي المزيرع,25.374427,47.477159
وادي المزيرع,25.176523,46.930311
وادي المساجدي,25.339901,47.113152
وادي المساجدي,25.111892,47.295156
وادي المسعودي,25.188174,47.434695
وادي المسعودي,19.841266,44.344854
وادي المسماة,20.372815,44.435084
وادي المسماة,20.499222,44.460189
وادي المسماة,23.946075,43.71932
وادي المصلوم,22.225685,46.399555
وادي المضل,25.31868,45.178292
وادي المظم,25.318165,45.176876
وادي المظم,25.518558,45.357506
وادي المقرح,25.294626,45.506423
وادي المقرح,22.602847,46.28937
وادي المنبعج,24.15076,42.900217
وادي المياه,25.690799,45.62856
وادي المياه,25.707107,45.474172
وادي المياه,25.657754,45.67626
وادي المياه,25.590098,45.839961
وادي المياه,25.634515,46.0796
وادي المياه,23.604298,48.020897
وادي النجدي,25.62988,45.403168
وادي النخل,26.202908,45.474901
وادي النخيل,26.165957,45.370402
وادي النخيل,24.027808,45.042443
وادي النسق,24.299462,47.852132
وادي النغر,25.966144,45.442843
وادي النمل,23.684056,42.382529
وادي النوم,23.604469,42.352681
وادي النوم,26.28891,45.059395
وادي النوم,25.730646,45.844038
وادي الوسيعة,25.334451,45.191038
وادي الوعراء,25.333271,45.171125
وادي الوعراء,25.333979,45.172434
وادي الوعراء,25.335653,45.167005
وادي الوعراء,24.463785,43.35351
وادي ام ارطى,24.405441,43.347437
وادي ام ارطى,23.574879,45.171812
وادي ام الشبرم,24.327765,47.801514
وادي ام العلاق,22.685566,46.641254
وادي ام جرف,23.56636,45.545754
وادي ام صفار,24.056282,47.348156
وادي ام طلح,22.298641,46.867332
وادي ام مريخ,26.24563,46.073592
وادي ام هشيم,23.261662,46.683311
وادي برك,24.12353,42.914379
وادي بطاحة,23.046205,46.54669
وادي بعيجاء,23.163235,46.781909
وادي بعيجاء,23.202202,46.894541
وادي بعيجاء,24.38143,46.82828
وادي بعيجاء,26.884274,45.118918
وادي بقار,24.273434,42.34457
وادي بلازة,24.286094,42.30865
وادي بلاعة,24.141533,46.93634
وادي بلجان,25.005977,46.575272
وادي بنبان,25.000205,46.680737
وادي بنبان,24.964242,46.750946
وادي بنبان,22.323661,46.80326
وادي بني ربيع,22.09518,46.95621
وادي بني ربيع,24.859314,46.197166
وادي بوضة,24.892337,46.335912
وادي بوضة,25.14895,45.952721
وادي عبيثران,24.0873333,46.87477779999995
وادي بوظة,24.666667,46.033852
وادي بوظة,23.36762,46.419919
وادي بيضان,20.570569,44.251685
وادي تثليث,23.83544,43.418183
وادي ترابان,25.709231,45.86719
وادي تمير,20.050156,44.089336
وادي جبجب,19.820795,44.214671
وادي جبجب,22.360268,47.504025
وادي جبلية,23.133302,47.324381
وادي جدعان,25.266409,46.786201
وادي جريذي,25.352004,47.058349
وادي جريذي,23.361869,43.559654
وادي جفن,24.204254,43.501933
وادي جنفا,24.185672,42.484818
وادي جهام,24.510627,43.595381
وادي جهام,22.551327,46.56656
وادي حراضة,22.139211,46.315634
وادي حرم,22.016602,46.554823
وادي حرم,24.834337,46.482961
وادي حنيفة,24.706686,46.576989
وادي حنيفة,24.641089,46.643786
وادي حنيفة,24.659114,46.607738
وادي حنيفة,24.597659,46.703053
وادي حنيفة,24.585128,46.710713
وادي حنيفة,24.625297,46.67166
وادي حنيفة,24.613817,46.66945
وادي حنيفة,24.484062,46.799247
وادي حنيفة,24.384928,46.854587
وادي حنيفة,24.286566,47.176001
وادي حنيفة,24.21773,47.362855
وادي حنيفة,23.046076,45.22213
وادي حويمضة,23.557949,44.212589
وادي خربقاء,23.942986,48.134708
وادي خشيبان,24.065638,44.618955
وادي خنقة التنية,24.070337,44.838188
وادي خنقة التنية,24.03918,44.938803
وادي خنقة عروى,24.396021,43.905702
وادي خنوقة,24.292059,43.676598
وادي خنوقة,24.350359,43.685846
وادي خنوقة,25.316706,47.264278
وادي خويش,25.295441,47.192416
وادي خويش الريان,25.190406,47.089548
وادي خويش الريان,25.11981,47.063498
وادي خويش العطشان,25.285034,47.225933
وادي خويش العطشان,25.066617,47.342641
وادي خويش زمزم,22.762578,44.907904
وادي خيم,22.736871,45.014613
وادي خيم,22.767127,45.161533
وادي خيم,23.574579,47.566531
وادي دعيبان,23.433988,42.347124
وادي دعيكان,23.449974,44.204307
وادي دغمان,22.981639,45.44471
وادي ذعيفان,19.9775,44.686289
وادي رحية,20.935071,44.525678
وادي رغوان,24.014268,42.253761
وادي روفان,22.362027,46.088097
وادي ريم,21.890881,44.967771
وادي زراق,23.361933,46.941233
وادي زريق,22.612524,46.401444
وادي ستارة,23.611443,42.756622
وادي سجا,22.3104,46.774313
وادي سحاب,22.309756,46.728909
وادي سحاب,25.56437,45.89633
وادي سدير,23.22469,45.290816
وادي سديرة,24.375551,47.696564
وادي سديرة,23.600628,42.40021
وادي سرير,23.548121,42.38534
وادي سرير,25.037284,47.498338
وادي سعد,23.793941,43.977563
وادي سمجان,22.817745,46.740303
وادي شطاب,22.660868,46.890292
وادي شطاب,22.57199,47.69959
وادي شقران,24.703574,46.514633
وادي صفار,24.725461,46.563385
وادي صفار,22.312202,47.381458
وادي طزيز,23.212974,46.894519
وادي طلحى,24.28648,43.609714
وادي طينان,24.19713,43.540535
وادي طينان,23.674593,44.720707
وادي عبدة,23.683605,44.757721
وادي عبدة,23.68706,44.811044
وادي عبدة,24.875021,44.060884
وادي عرجاء,24.728229,44.294558
وادي عرجاء,24.687073,44.375474
وادي عرجاء,24.635596,44.385088
وادي عرجاء,23.546963,45.491574
وادي عرقية,22.865531,47.766988
وادي عشيران,23.462677,44.351828
وادي عصيل,23.552027,44.437873
وادي عصيل,23.705342,44.526064
وادي عصيل,24.95892,47.296529
وادي عطشانة الجافي,25.034494,47.384934
وادي عطشانة الجافي,25.024667,47.456753
وادي عطشانة سعد,23.37101,46.750774
وادي عنثر,25.667582,45.45265
وادي عنقود,25.68037,45.502238
وادي عنقود,22.730949,47.321999
وادي عنيز,24.40969,43.232596
وادي غثاة,24.401407,43.288751
وادي غثاة,24.324267,43.505538
وادي غثاة,24.103017,48.116083
وادي غضي,22.870102,46.460667
وادي غلغل,22.337801,46.445131
وادي غيهب,20.333161,44.589429
وادي فراثان,24.174728,47.666759
وادي فرثان,23.550954,45.547557
وادي قبيبان,23.605371,43.853452
وادي قحقح,23.410599,43.97413
وادي قحقح,24.01562,42.651501
وادي قليشة,23.972662,42.779067
وادي قليشة,23.967812,42.913971
وادي قليشة,25.37771,47.003846
وادي قليل الحطب,22.088442,44.598098
وادي قمران,22.075245,44.576683
وادي قميرين,21.560261,45.8847
وادي كلاوي,21.450205,44.86398
وادي لبب,24.614675,46.567097
وادي لبن,24.572768,46.453757
وادي لبن,23.679206,44.886274
وادي لجعة,24.213052,43.358874
وادي لحي,23.907452,46.869221
وادي ماوان,23.90801,46.947305
وادي ماوان,23.028932,47.002516
وادي محرقة,24.143829,42.390919
وادي مدغم,26.342854,44.974852
وادي مرخ,26.242347,44.9947
وادي مرخ,26.089396,45.100658
وادي مرخ,26.159391,45.05652
وادي مرخ,25.997772,45.113039
وادي مرخ,22.450476,47.560008
وادي مريخان,23.472161,42.386069
وادي مشقار الشواطن,23.450618,46.674256
وادي مطعم,24.240367,47.986779
وادي مكيحيل,24.676065,46.557505
وادي مهدية,24.247491,46.686938
وادي نساح,24.237256,46.808496
وادي نساح,24.235754,46.894112
وادي نساح,24.473827,47.16656
وادي نعيم,23.570652,47.245502
وادي نعيم,24.448915,42.938325
وادي نومان,19.846909,44.244304
وادي وثال,19.812963,44.353309
وادي وثال,25.105541,47.124588
وادي وثيلان,25.190578,47.241061
وادي وثيلان,25.291879,47.377467
وادي وثيلان,23.786623,46.900935
وادي وثيلان,25.520511,45.558286
وادي وراط,25.507422,45.656819
وادي وراط,25.46648,45.884228
وادي وراط,25.439529,45.781574
وادي وراط,24.297895,47.73536
وادي وسيع,22.175839,44.930327
وادي يافع,25.501156,45.654824
ودي الطريق,24.97613,47.176366
